latitude,longitude,kde,kde_norm
-44.0,133.7971,0.605,0.99
-44.0,134.3913,0.812,1.33
-44.0,134.9855,1.073,1.76
-44.0,135.5797,1.395,2.29
-44.0,136.1739,1.784,2.93
-44.0,136.7681,2.245,3.68
-44.0,137.3623,2.781,4.56
-44.0,137.9565,3.389,5.56
-44.0,138.5507,4.065,6.67
-44.0,139.1449,4.799,7.87
-44.0,139.7391,5.576,9.15
-44.0,140.3333,6.38,10.47
-44.0,140.9275,7.192,11.8
-44.0,141.5217,7.999,13.12
-44.0,142.1159,8.79,14.42
-44.0,142.7101,9.568,15.7
-44.0,143.3043,10.343,16.97
-44.0,143.8986,11.125,18.25
-44.0,144.4928,11.908,19.53
-44.0,145.087,12.651,20.75
-44.0,145.6812,13.268,21.77
-44.0,146.2754,13.64,22.38
-44.0,146.8696,13.644,22.38
-44.0,147.4638,13.203,21.66
-44.0,148.058,12.32,20.21
-44.0,148.6522,11.084,18.18
-44.0,149.2464,9.643,15.82
-44.0,149.8406,8.16,13.39
-44.0,150.4348,6.763,11.09
-44.0,151.029,5.532,9.08
-44.0,151.6232,4.49,7.37
-44.0,152.2174,3.63,5.95
-44.0,152.8116,2.923,4.8
-44.0,153.4058,2.341,3.84
-44.0,154.0,1.861,3.05
-43.4322,133.2029,0.567,0.93
-43.4322,133.7971,0.773,1.27
-43.4322,134.3913,1.038,1.7
-43.4322,134.9855,1.371,2.25
-43.4322,135.5797,1.783,2.92
-43.4322,136.1739,2.28,3.74
-43.4322,136.7681,2.87,4.71
-43.4322,137.3623,3.554,5.83
-43.4322,137.9565,4.332,7.11
-43.4322,138.5507,5.196,8.52
-43.4322,139.1449,6.133,10.06
-43.4322,139.7391,7.127,11.69
-43.4322,140.3333,8.154,13.38
-43.4322,140.9275,9.194,15.08
-43.4322,141.5217,10.225,16.77
-43.4322,142.1159,11.238,18.44
-43.4322,142.7101,12.235,20.07
-43.4322,143.3043,13.231,21.71
-43.4322,143.8986,14.24,23.36
-43.4322,144.4928,15.256,25.03
-43.4322,145.087,16.227,26.62
-43.4322,145.6812,17.043,27.96
-43.4322,146.2754,17.543,28.78
-43.4322,146.8696,17.566,28.82
-43.4322,147.4638,17.008,27.9
-43.4322,148.058,15.874,26.04
-43.4322,148.6522,14.284,23.43
-43.4322,149.2464,12.433,20.4
-43.4322,149.8406,10.531,17.28
-43.4322,150.4348,8.746,14.35
-43.4322,151.029,7.175,11.77
-43.4322,151.6232,5.848,9.59
-43.4322,152.2174,4.748,7.79
-43.4322,152.8116,3.842,6.3
-43.4322,153.4058,3.093,5.07
-43.4322,154.0,2.471,4.05
-42.8644,132.6087,0.51,0.84
-42.8644,133.2029,0.708,1.16
-42.8644,133.7971,0.966,1.58
-42.8644,134.3913,1.296,2.13
-42.8644,134.9855,1.713,2.81
-42.8644,135.5797,2.226,3.65
-42.8644,136.1739,2.848,4.67
-42.8644,136.7681,3.584,5.88
-42.8644,137.3623,4.439,7.28
-42.8644,137.9565,5.41,8.87
-42.8644,138.5507,6.489,10.65
-42.8644,139.1449,7.659,12.56
-42.8644,139.7391,8.899,14.6
-42.8644,140.3333,10.182,16.7
-42.8644,140.9275,11.478,18.83
-42.8644,141.5217,12.762,20.94
-42.8644,142.1159,14.017,22.99
-42.8644,142.7101,15.244,25.01
-42.8644,143.3043,16.455,26.99
-42.8644,143.8986,17.666,28.98
-42.8644,144.4928,18.871,30.96
-42.8644,145.087,20.011,32.83
-42.8644,145.6812,20.955,34.38
-42.8644,146.2754,21.518,35.3
-42.8644,146.8696,21.508,35.28
-42.8644,147.4638,20.808,34.13
-42.8644,148.058,19.425,31.87
-42.8644,148.6522,17.508,28.72
-42.8644,149.2464,15.29,25.08
-42.8644,149.8406,13.02,21.36
-42.8644,150.4348,10.89,17.86
-42.8644,151.029,9.009,14.78
-42.8644,151.6232,7.408,12.15
-42.8644,152.2174,6.068,9.95
-42.8644,152.8116,4.951,8.12
-42.8644,153.4058,4.015,6.59
-42.8644,154.0,3.229,5.3
-42.2966,132.6087,0.623,1.02
-42.2966,133.2029,0.864,1.42
-42.2966,133.7971,1.179,1.93
-42.2966,134.3913,1.583,2.6
-42.2966,134.9855,2.091,3.43
-42.2966,135.5797,2.719,4.46
-42.2966,136.1739,3.478,5.71
-42.2966,136.7681,4.377,7.18
-42.2966,137.3623,5.421,8.89
-42.2966,137.9565,6.606,10.84
-42.2966,138.5507,7.922,13.0
-42.2966,139.1449,9.349,15.34
-42.2966,139.7391,10.861,17.82
-42.2966,140.3333,12.425,20.38
-42.2966,140.9275,14.004,22.97
-42.2966,141.5217,15.563,25.53
-42.2966,142.1159,17.077,28.01
-42.2966,142.7101,18.536,30.41
-42.2966,143.3043,19.945,32.72
-42.2966,143.8986,21.314,34.97
-42.2966,144.4928,22.633,37.13
-42.2966,145.087,23.841,39.11
-42.2966,145.6812,24.803,40.69
-42.2966,146.2754,25.325,41.54
-42.2966,146.8696,25.212,41.36
-42.2966,147.4638,24.344,39.94
-42.2966,148.058,22.741,37.31
-42.2966,148.6522,20.567,33.74
-42.2966,149.2464,18.079,29.66
-42.2966,149.8406,15.538,25.49
-42.2966,150.4348,13.147,21.57
-42.2966,151.029,11.015,18.07
-42.2966,151.6232,9.174,15.05
-42.2966,152.2174,7.605,12.48
-42.2966,152.8116,6.27,10.29
-42.2966,153.4058,5.132,8.42
-42.2966,154.0,4.161,6.83
-41.7288,132.0145,0.527,0.86
-41.7288,132.6087,0.743,1.22
-41.7288,133.2029,1.031,1.69
-41.7288,133.7971,1.408,2.31
-41.7288,134.3913,1.891,3.1
-41.7288,134.9855,2.5,4.1
-41.7288,135.5797,3.251,5.33
-41.7288,136.1739,4.158,6.82
-41.7288,136.7681,5.234,8.59
-41.7288,137.3623,6.48,10.63
-41.7288,137.9565,7.894,12.95
-41.7288,138.5507,9.462,15.52
-41.7288,139.1449,11.163,18.31
-41.7288,139.7391,12.965,21.27
-41.7288,140.3333,14.829,24.33
-41.7288,140.9275,16.711,27.41
-41.7288,141.5217,18.567,30.46
-41.7288,142.1159,20.358,33.4
-41.7288,142.7101,22.058,36.19
-41.7288,143.3043,23.653,38.8
-41.7288,143.8986,25.137,41.24
-41.7288,144.4928,26.491,43.46
-41.7288,145.087,27.656,45.37
-41.7288,145.6812,28.509,46.77
-41.7288,146.2754,28.877,47.37
-41.7288,146.8696,28.585,46.89
-41.7288,147.4638,27.534,45.17
-41.7288,148.058,25.757,42.25
-41.7288,148.6522,23.422,38.42
-41.7288,149.2464,20.781,34.09
-41.7288,149.8406,18.088,29.67
-41.7288,150.4348,15.531,25.48
-41.7288,151.029,13.215,21.68
-41.7288,151.6232,11.171,18.33
-41.7288,152.2174,9.385,15.4
-41.7288,152.8116,7.829,12.84
-41.7288,153.4058,6.473,10.62
-41.7288,154.0,5.295,8.69
-41.161,132.0145,0.615,1.01
-41.161,132.6087,0.867,1.42
-41.161,133.2029,1.205,1.98
-41.161,133.7971,1.647,2.7
-41.161,134.3913,2.215,3.63
-41.161,134.9855,2.93,4.81
-41.161,135.5797,3.812,6.25
-41.161,136.1739,4.877,8.0
-41.161,136.7681,6.137,10.07
-41.161,137.3623,7.595,12.46
-41.161,137.9565,9.246,15.17
-41.161,138.5507,11.074,18.17
-41.161,139.1449,13.055,21.42
-41.161,139.7391,15.154,24.86
-41.161,140.3333,17.329,28.43
-41.161,140.9275,19.53,32.04
-41.161,141.5217,21.705,35.61
-41.161,142.1159,23.801,39.04
-41.161,142.7101,25.766,42.27
-41.161,143.3043,27.558,45.21
-41.161,143.8986,29.14,47.8
-41.161,144.4928,30.476,50.0
-41.161,145.087,31.509,51.69
-41.161,145.6812,32.145,52.73
-41.161,146.2754,32.259,52.92
-41.161,146.8696,31.728,52.05
-41.161,147.4638,30.488,50.01
-41.161,148.058,28.588,46.9
-41.161,148.6522,26.185,42.96
-41.161,149.2464,23.5,38.55
-41.161,149.8406,20.754,34.05
-41.161,150.4348,18.111,29.71
-41.161,151.029,15.662,25.69
-41.161,151.6232,13.441,22.05
-41.161,152.2174,11.444,18.77
-41.161,152.8116,9.657,15.84
-41.161,153.4058,8.065,13.23
-41.161,154.0,6.658,10.92
-40.5932,132.0145,0.702,1.15
-40.5932,132.6087,0.993,1.63
-40.5932,133.2029,1.382,2.27
-40.5932,133.7971,1.893,3.11
-40.5932,134.3913,2.549,4.18
-40.5932,134.9855,3.377,5.54
-40.5932,135.5797,4.398,7.21
-40.5932,136.1739,5.629,9.23
-40.5932,136.7681,7.081,11.62
-40.5932,137.3623,8.755,14.36
-40.5932,137.9565,10.644,17.46
-40.5932,138.5507,12.729,20.88
-40.5932,139.1449,14.985,24.58
-40.5932,139.7391,17.374,28.5
-40.5932,140.3333,19.858,32.58
-40.5932,140.9275,22.386,36.72
-40.5932,141.5217,24.904,40.85
-40.5932,142.1159,27.343,44.86
-40.5932,142.7101,29.622,48.59
-40.5932,143.3043,31.653,51.93
-40.5932,143.8986,33.355,54.72
-40.5932,144.4928,34.66,56.86
-40.5932,145.087,35.516,58.26
-40.5932,145.6812,35.872,58.85
-40.5932,146.2754,35.67,58.52
-40.5932,146.8696,34.862,57.19
-40.5932,147.4638,33.438,54.85
-40.5932,148.058,31.456,51.6
-40.5932,148.6522,29.049,47.65
-40.5932,149.2464,26.392,43.3
-40.5932,149.8406,23.655,38.81
-40.5932,150.4348,20.968,34.4
-40.5932,151.029,18.412,30.2
-40.5932,151.6232,16.021,26.28
-40.5932,152.2174,13.81,22.65
-40.5932,152.8116,11.782,19.33
-40.5932,153.4058,9.936,16.3
-40.5932,154.0,8.276,13.58
-40.0254,131.4203,0.547,0.9
-40.0254,132.0145,0.787,1.29
-40.0254,132.6087,1.117,1.83
-40.0254,133.2029,1.56,2.56
-40.0254,133.7971,2.143,3.52
-40.0254,134.3913,2.896,4.75
-40.0254,134.9855,3.845,6.31
-40.0254,135.5797,5.015,8.23
-40.0254,136.1739,6.421,10.53
-40.0254,136.7681,8.073,13.24
-40.0254,137.3623,9.966,16.35
-40.0254,137.9565,12.088,19.83
-40.0254,138.5507,14.418,23.65
-40.0254,139.1449,16.926,27.77
-40.0254,139.7391,19.583,32.13
-40.0254,140.3333,22.355,36.67
-40.0254,140.9275,25.205,41.35
-40.0254,141.5217,28.08,46.06
-40.0254,142.1159,30.901,50.69
-40.0254,142.7101,33.551,55.04
-40.0254,143.3043,35.884,58.87
-40.0254,143.8986,37.757,61.94
-40.0254,144.4928,39.059,64.08
-40.0254,145.087,39.741,65.19
-40.0254,145.6812,39.802,65.29
-40.0254,146.2754,39.273,64.43
-40.0254,146.8696,38.189,62.65
-40.0254,147.4638,36.597,60.04
-40.0254,148.058,34.564,56.7
-40.0254,148.6522,32.188,52.8
-40.0254,149.2464,29.588,48.54
-40.0254,149.8406,26.881,44.1
-40.0254,150.4348,24.162,39.64
-40.0254,151.029,21.5,35.27
-40.0254,151.6232,18.937,31.07
-40.0254,152.2174,16.503,27.07
-40.0254,152.8116,14.219,23.33
-40.0254,153.4058,12.102,19.85
-40.0254,154.0,10.166,16.68
-39.4576,131.4203,0.6,0.98
-39.4576,132.0145,0.868,1.42
-39.4576,132.6087,1.238,2.03
-39.4576,133.2029,1.738,2.85
-39.4576,133.7971,2.401,3.94
-39.4576,134.3913,3.26,5.35
-39.4576,134.9855,4.345,7.13
-39.4576,135.5797,5.68,9.32
-39.4576,136.1739,7.278,11.94
-39.4576,136.7681,9.142,15.0
-39.4576,137.3623,11.258,18.47
-39.4576,137.9565,13.605,22.32
-39.4576,138.5507,16.154,26.5
-39.4576,139.1449,18.878,30.97
-39.4576,139.7391,21.754,35.69
-39.4576,140.3333,24.767,40.63
-39.4576,140.9275,27.9,45.77
-39.4576,141.5217,31.116,51.04
-39.4576,142.1159,34.327,56.31
-39.4576,142.7101,37.38,61.32
-39.4576,143.3043,40.061,65.72
-39.4576,143.8986,42.152,69.15
-39.4576,144.4928,43.496,71.35
-39.4576,145.087,44.044,72.25
-39.4576,145.6812,43.854,71.94
-39.4576,146.2754,43.044,70.61
-39.4576,146.8696,41.737,68.47
-39.4576,147.4638,40.027,65.66
-39.4576,148.058,37.985,62.31
-39.4576,148.6522,35.669,58.51
-39.4576,149.2464,33.141,54.37
-39.4576,149.8406,30.466,49.98
-39.4576,150.4348,27.711,45.46
-39.4576,151.029,24.936,40.91
-39.4576,151.6232,22.192,36.41
-39.4576,152.2174,19.525,32.03
-39.4576,152.8116,16.972,27.84
-39.4576,153.4058,14.567,23.9
-39.4576,154.0,12.334,20.23
-38.8898,131.4203,0.648,1.06
-38.8898,132.0145,0.944,1.55
-38.8898,132.6087,1.357,2.23
-38.8898,133.2029,1.92,3.15
-38.8898,133.7971,2.673,4.38
-38.8898,134.3913,3.654,5.99
-38.8898,134.9855,4.895,8.03
-38.8898,135.5797,6.421,10.53
-38.8898,136.1739,8.237,13.51
-38.8898,136.7681,10.331,16.95
-38.8898,137.3623,12.678,20.8
-38.8898,137.9565,15.238,25.0
-38.8898,138.5507,17.974,29.49
-38.8898,139.1449,20.857,34.22
-38.8898,139.7391,23.876,39.17
-38.8898,140.3333,27.041,44.36
-38.8898,140.9275,30.366,49.81
-38.8898,141.5217,33.839,55.51
-38.8898,142.1159,37.374,61.31
-38.8898,142.7101,40.783,66.9
-38.8898,143.3043,43.792,71.84
-38.8898,143.8986,46.11,75.64
-38.8898,144.4928,47.534,77.98
-38.8898,145.087,48.02,78.78
-38.8898,145.6812,47.682,78.22
-38.8898,146.2754,46.716,76.64
-38.8898,146.8696,45.314,74.34
-38.8898,147.4638,43.605,71.53
-38.8898,148.058,41.645,68.32
-38.8898,148.6522,39.45,64.72
-38.8898,149.2464,37.028,60.74
-38.8898,149.8406,34.4,56.43
-38.8898,150.4348,31.61,51.86
-38.8898,151.029,28.715,47.11
-38.8898,151.6232,25.779,42.29
-38.8898,152.2174,22.865,37.51
-38.8898,152.8116,20.029,32.86
-38.8898,153.4058,17.317,28.41
-38.8898,154.0,14.768,24.23
-38.322,131.4203,0.69,1.13
-38.322,132.0145,1.014,1.66
-38.322,132.6087,1.473,2.42
-38.322,133.2029,2.107,3.46
-38.322,133.7971,2.964,4.86
-38.322,134.3913,4.087,6.7
-38.322,134.9855,5.513,9.04
-38.322,135.5797,7.261,11.91
-38.322,136.1739,9.327,15.3
-38.322,136.7681,11.679,19.16
-38.322,137.3623,14.266,23.4
-38.322,137.9565,17.028,27.93
-38.322,138.5507,19.908,32.66
-38.322,139.1449,22.875,37.53
-38.322,139.7391,25.932,42.54
-38.322,140.3333,29.115,47.76
-38.322,140.9275,32.476,53.28
-38.322,141.5217,36.035,59.11
-38.322,142.1159,39.721,65.16
-38.322,142.7101,43.33,71.08
-38.322,143.3043,46.546,76.36
-38.322,143.8986,49.033,80.44
-38.322,144.4928,50.559,82.94
-38.322,145.087,51.09,83.81
-38.322,145.6812,50.778,83.3
-38.322,146.2754,49.87,81.81
-38.322,146.8696,48.597,79.72
-38.322,147.4638,47.09,77.25
-38.322,148.058,45.377,74.44
-38.322,148.6522,43.425,71.24
-38.322,149.2464,41.189,67.57
-38.322,149.8406,38.654,63.41
-38.322,150.4348,35.847,58.81
-38.322,151.029,32.831,53.86
-38.322,151.6232,29.688,48.7
-38.322,152.2174,26.507,43.48
-38.322,152.8116,23.364,38.33
-38.322,153.4058,20.323,33.34
-38.322,154.0,17.435,28.6
-37.7542,114.1884,0.566,0.93
-37.7542,114.7826,0.635,1.04
-37.7542,115.3768,0.677,1.11
-37.7542,115.971,0.688,1.13
-37.7542,116.5652,0.665,1.09
-37.7542,117.1594,0.612,1.0
-37.7542,117.7536,0.536,0.88
-37.7542,131.4203,0.724,1.19
-37.7542,132.0145,1.078,1.77
-37.7542,132.6087,1.585,2.6
-37.7542,133.2029,2.298,3.77
-37.7542,133.7971,3.271,5.37
-37.7542,134.3913,4.558,7.48
-37.7542,134.9855,6.196,10.16
-37.7542,135.5797,8.199,13.45
-37.7542,136.1739,10.546,17.3
-37.7542,136.7681,13.18,21.62
-37.7542,137.3623,16.016,26.27
-37.7542,137.9565,18.962,31.11
-37.7542,138.5507,21.938,35.99
-37.7542,139.1449,24.904,40.85
-37.7542,139.7391,27.872,45.72
-37.7542,140.3333,30.908,50.7
-37.7542,140.9275,34.099,55.94
-37.7542,141.5217,37.505,61.53
-37.7542,142.1159,41.081,67.39
-37.7542,142.7101,44.637,73.23
-37.7542,143.3043,47.86,78.51
-37.7542,143.8986,50.406,82.69
-37.7542,144.4928,52.046,85.38
-37.7542,145.087,52.753,86.54
-37.7542,145.6812,52.695,86.44
-37.7542,146.2754,52.129,85.52
-37.7542,146.8696,51.275,84.12
-37.7542,147.4638,50.239,82.42
-37.7542,148.058,49.0,80.38
-37.7542,148.6522,47.469,77.87
-37.7542,149.2464,45.548,74.72
-37.7542,149.8406,43.187,70.85
-37.7542,150.4348,40.403,66.28
-37.7542,151.029,37.272,61.14
-37.7542,151.6232,33.906,55.62
-37.7542,152.2174,30.425,49.91
-37.7542,152.8116,26.939,44.19
-37.7542,153.4058,23.535,38.61
-37.7542,154.0,20.28,33.27
-37.1864,113.0,0.714,1.17
-37.1864,113.5942,0.884,1.45
-37.1864,114.1884,1.041,1.71
-37.1864,114.7826,1.167,1.91
-37.1864,115.3768,1.245,2.04
-37.1864,115.971,1.264,2.07
-37.1864,116.5652,1.222,2.0
-37.1864,117.1594,1.124,1.84
-37.1864,117.7536,0.984,1.61
-37.1864,118.3478,0.821,1.35
-37.1864,118.942,0.651,1.07
-37.1864,131.4203,0.749,1.23
-37.1864,132.0145,1.13,1.85
-37.1864,132.6087,1.688,2.77
-37.1864,133.2029,2.482,4.07
-37.1864,133.7971,3.579,5.87
-37.1864,134.3913,5.04,8.27
-37.1864,134.9855,6.906,11.33
-37.1864,135.5797,9.183,15.06
-37.1864,136.1739,11.828,19.4
-37.1864,136.7681,14.753,24.2
-37.1864,137.3623,17.833,29.25
-37.1864,137.9565,20.936,34.34
-37.1864,138.5507,23.952,39.29
-37.1864,139.1449,26.829,44.01
-37.1864,139.7391,29.585,48.53
-37.1864,140.3333,32.31,53.0
-37.1864,140.9275,35.127,57.62
-37.1864,141.5217,38.132,62.55
-37.1864,142.1159,41.325,67.79
-37.1864,142.7101,44.562,73.1
-37.1864,143.3043,47.573,78.04
-37.1864,143.8986,50.059,82.12
-37.1864,144.4928,51.818,85.01
-37.1864,145.087,52.833,86.67
-37.1864,145.6812,53.253,87.36
-37.1864,146.2754,53.303,87.44
-37.1864,146.8696,53.154,87.2
-37.1864,147.4638,52.856,86.71
-37.1864,148.058,52.327,85.84
-37.1864,148.6522,51.415,84.34
-37.1864,149.2464,49.967,81.97
-37.1864,149.8406,47.896,78.57
-37.1864,150.4348,45.205,74.16
-37.1864,151.029,41.985,68.88
-37.1864,151.6232,38.383,62.97
-37.1864,152.2174,34.568,56.71
-37.1864,152.8116,30.694,50.35
-37.1864,153.4058,26.884,44.1
-37.1864,154.0,23.226,38.1
-36.6186,113.0,1.234,2.02
-36.6186,113.5942,1.527,2.51
-36.6186,114.1884,1.8,2.95
-36.6186,114.7826,2.019,3.31
-36.6186,115.3768,2.154,3.53
-36.6186,115.971,2.188,3.59
-36.6186,116.5652,2.114,3.47
-36.6186,117.1594,1.944,3.19
-36.6186,117.7536,1.701,2.79
-36.6186,118.3478,1.417,2.32
-36.6186,118.942,1.124,1.84
-36.6186,119.5362,0.849,1.39
-36.6186,120.1304,0.61,1.0
-36.6186,131.4203,0.761,1.25
-36.6186,132.0145,1.166,1.91
-36.6186,132.6087,1.768,2.9
-36.6186,133.2029,2.637,4.33
-36.6186,133.7971,3.85,6.32
-36.6186,134.3913,5.478,8.99
-36.6186,134.9855,7.562,12.41
-36.6186,135.5797,10.099,16.57
-36.6186,136.1739,13.026,21.37
-36.6186,136.7681,16.218,26.61
-36.6186,137.3623,19.508,32.0
-36.6186,137.9565,22.721,37.27
-36.6186,138.5507,25.718,42.19
-36.6186,139.1449,28.43,46.64
-36.6186,139.7391,30.88,50.66
-36.6186,140.3333,33.176,54.42
-36.6186,140.9275,35.472,58.19
-36.6186,141.5217,37.904,62.18
-36.6186,142.1159,40.524,66.48
-36.6186,142.7101,43.253,70.96
-36.6186,143.3043,45.901,75.3
-36.6186,143.8986,48.242,79.14
-36.6186,144.4928,50.121,82.22
-36.6186,145.087,51.523,84.52
-36.6186,145.6812,52.563,86.23
-36.6186,146.2754,53.4,87.6
-36.6186,146.8696,54.138,88.81
-36.6186,147.4638,54.756,89.83
-36.6186,148.058,55.111,90.41
-36.6186,148.6522,54.986,90.2
-36.6186,149.2464,54.171,88.87
-36.6186,149.8406,52.531,86.18
-36.6186,150.4348,50.044,82.1
-36.6186,151.029,46.804,76.78
-36.6186,151.6232,42.991,70.53
-36.6186,152.2174,38.828,63.7
-36.6186,152.8116,34.528,56.64
-36.6186,153.4058,30.268,49.65
-36.6186,154.0,26.171,42.93
-36.0508,113.0,2.005,3.29
-36.0508,113.5942,2.485,4.08
-36.0508,114.1884,2.932,4.81
-36.0508,114.7826,3.291,5.4
-36.0508,115.3768,3.515,5.77
-36.0508,115.971,3.57,5.86
-36.0508,116.5652,3.447,5.65
-36.0508,117.1594,3.167,5.2
-36.0508,117.7536,2.768,4.54
-36.0508,118.3478,2.303,3.78
-36.0508,118.942,1.825,2.99
-36.0508,119.5362,1.377,2.26
-36.0508,120.1304,0.989,1.62
-36.0508,120.7246,0.677,1.11
-36.0508,131.4203,0.757,1.24
-36.0508,132.0145,1.176,1.93
-36.0508,132.6087,1.809,2.97
-36.0508,133.2029,2.733,4.48
-36.0508,133.7971,4.036,6.62
-36.0508,134.3913,5.793,9.5
-36.0508,134.9855,8.048,13.2
-36.0508,135.5797,10.788,17.7
-36.0508,136.1739,13.929,22.85
-36.0508,136.7681,17.315,28.4
-36.0508,137.3623,20.742,34.03
-36.0508,137.9565,23.998,39.37
-36.0508,138.5507,26.912,44.15
-36.0508,139.1449,29.403,48.23
-36.0508,139.7391,31.498,51.67
-36.0508,140.3333,33.32,54.66
-36.0508,140.9275,35.051,57.5
-36.0508,141.5217,36.862,60.47
-36.0508,142.1159,38.857,63.74
-36.0508,142.7101,41.028,67.31
-36.0508,143.3043,43.269,70.98
-36.0508,143.8986,45.435,74.53
-36.0508,144.4928,47.42,77.79
-36.0508,145.087,49.21,80.73
-36.0508,145.6812,50.876,83.46
-36.0508,146.2754,52.511,86.14
-36.0508,146.8696,54.149,88.83
-36.0508,147.4638,55.712,91.39
-36.0508,148.058,57.002,93.51
-36.0508,148.6522,57.754,94.74
-36.0508,149.2464,57.699,94.65
-36.0508,149.8406,56.644,92.92
-36.0508,150.4348,54.518,89.44
-36.0508,151.029,51.392,84.31
-36.0508,151.6232,47.46,77.86
-36.0508,152.2174,42.99,70.52
-36.0508,152.8116,38.269,62.78
-36.0508,153.4058,33.542,55.02
-36.0508,154.0,28.985,47.55
-35.4831,113.0,3.068,5.03
-35.4831,113.5942,3.81,6.25
-35.4831,114.1884,4.505,7.39
-35.4831,114.7826,5.067,8.31
-35.4831,115.3768,5.417,8.89
-35.4831,115.971,5.501,9.02
-35.4831,116.5652,5.307,8.71
-35.4831,117.1594,4.866,7.98
-35.4831,117.7536,4.245,6.96
-35.4831,118.3478,3.524,5.78
-35.4831,118.942,2.787,4.57
-35.4831,119.5362,2.1,3.44
-35.4831,120.1304,1.508,2.47
-35.4831,120.7246,1.031,1.69
-35.4831,121.3188,0.672,1.1
-35.4831,131.4203,0.732,1.2
-35.4831,132.0145,1.153,1.89
-35.4831,132.6087,1.794,2.94
-35.4831,133.2029,2.74,4.49
-35.4831,133.7971,4.083,6.7
-35.4831,134.3913,5.902,9.68
-35.4831,134.9855,8.239,13.52
-35.4831,135.5797,11.077,18.17
-35.4831,136.1739,14.314,23.48
-35.4831,136.7681,17.774,29.16
-35.4831,137.3623,21.224,34.82
-35.4831,137.9565,24.426,40.07
-35.4831,138.5507,27.192,44.61
-35.4831,139.1449,29.431,48.28
-35.4831,139.7391,31.174,51.14
-35.4831,140.3333,32.556,53.41
-35.4831,140.9275,33.778,55.41
-35.4831,141.5217,35.042,57.49
-35.4831,142.1159,36.491,59.86
-35.4831,142.7101,38.175,62.63
-35.4831,143.3043,40.061,65.72
-35.4831,143.8986,42.069,69.01
-35.4831,144.4928,44.131,72.4
-35.4831,145.087,46.234,75.85
-35.4831,145.6812,48.411,79.42
-35.4831,146.2754,50.702,83.18
-35.4831,146.8696,53.092,87.1
-35.4831,147.4638,55.467,90.99
-35.4831,148.058,57.607,94.5
-35.4831,148.6522,59.215,97.14
-35.4831,149.2464,59.979,98.39
-35.4831,149.8406,59.642,97.84
-35.4831,150.4348,58.06,95.25
-35.4831,151.029,55.244,90.63
-35.4831,151.6232,51.365,84.26
-35.4831,152.2174,46.718,76.64
-35.4831,152.8116,41.654,68.33
-35.4831,153.4058,36.5,59.88
-35.4831,154.0,31.503,51.68
-34.9153,113.0,4.424,7.26
-34.9153,113.5942,5.513,9.04
-34.9153,114.1884,6.54,10.73
-34.9153,114.7826,7.375,12.1
-34.9153,115.3768,7.896,12.95
-34.9153,115.971,8.018,13.15
-34.9153,116.5652,7.724,12.67
-34.9153,117.1594,7.064,11.59
-34.9153,117.7536,6.141,10.07
-34.9153,118.3478,5.082,8.34
-34.9153,118.942,4.008,6.58
-34.9153,119.5362,3.013,4.94
-34.9153,120.1304,2.16,3.54
-34.9153,120.7246,1.476,2.42
-34.9153,121.3188,0.961,1.58
-34.9153,121.913,0.596,0.98
-34.9153,131.4203,0.686,1.13
-34.9153,132.0145,1.09,1.79
-34.9153,132.6087,1.712,2.81
-34.9153,133.2029,2.636,4.32
-34.9153,133.7971,3.954,6.49
-34.9153,134.3913,5.745,9.42
-34.9153,134.9855,8.049,13.2
-34.9153,135.5797,10.844,17.79
-34.9153,136.1739,14.022,23.0
-34.9153,136.7681,17.398,28.54
-34.9153,137.3623,20.728,34.0
-34.9153,137.9565,23.768,38.99
-34.9153,138.5507,26.322,43.18
-34.9153,139.1449,28.3,46.43
-34.9153,139.7391,29.733,48.78
-34.9153,140.3333,30.765,50.47
-34.9153,140.9275,31.606,51.85
-34.9153,141.5217,32.47,53.27
-34.9153,142.1159,33.527,55.0
-34.9153,142.7101,34.864,57.19
-34.9153,143.3043,36.495,59.87
-34.9153,143.8986,38.382,62.96
-34.9153,144.4928,40.484,66.41
-34.9153,145.087,42.783,70.18
-34.9153,145.6812,45.289,74.3
-34.9153,146.2754,48.007,78.75
-34.9153,146.8696,50.9,83.5
-34.9153,147.4638,53.847,88.33
-34.9153,148.058,56.633,92.9
-34.9153,148.6522,58.965,96.73
-34.9153,149.2464,60.511,99.27
-34.9153,149.8406,60.958,100.0
-34.9153,150.4348,60.077,98.55
-34.9153,151.029,57.787,94.8
-34.9153,151.6232,54.195,88.91
-34.9153,152.2174,49.584,81.34
-34.9153,152.8116,44.346,72.75
-34.9153,153.4058,38.886,63.79
-34.9153,154.0,33.531,55.01
-34.3475,113.0,6.011,9.86
-34.3475,113.5942,7.525,12.34
-34.3475,114.1884,8.966,14.71
-34.3475,114.7826,10.147,16.65
-34.3475,115.3768,10.884,17.85
-34.3475,115.971,11.053,18.13
-34.3475,116.5652,10.627,17.43
-34.3475,117.1594,9.684,15.89
-34.3475,117.7536,8.382,13.75
-34.3475,118.3478,6.905,11.33
-34.3475,118.942,5.424,8.9
-34.3475,119.5362,4.066,6.67
-34.3475,120.1304,2.909,4.77
-34.3475,120.7246,1.985,3.26
-34.3475,121.3188,1.292,2.12
-34.3475,121.913,0.801,1.31
-34.3475,131.4203,0.619,1.02
-34.3475,132.0145,0.99,1.62
-34.3475,132.6087,1.564,2.57
-34.3475,133.2029,2.42,3.97
-34.3475,133.7971,3.645,5.98
-34.3475,134.3913,5.312,8.71
-34.3475,134.9855,7.46,12.24
-34.3475,135.5797,10.062,16.51
-34.3475,136.1739,13.017,21.35
-34.3475,136.7681,16.144,26.48
-34.3475,137.3623,19.21,31.51
-34.3475,137.9565,21.98,36.06
-34.3475,138.5507,24.268,39.81
-34.3475,139.1449,25.99,42.64
-34.3475,139.7391,27.179,44.59
-34.3475,140.3333,27.976,45.89
-34.3475,140.9275,28.584,46.89
-34.3475,141.5217,29.218,47.93
-34.3475,142.1159,30.051,49.3
-34.3475,142.7101,31.187,51.16
-34.3475,143.3043,32.663,53.58
-34.3475,143.8986,34.466,56.54
-34.3475,144.4928,36.567,59.99
-34.3475,145.087,38.945,63.89
-34.3475,145.6812,41.595,68.24
-34.3475,146.2754,44.505,73.01
-34.3475,146.8696,47.633,78.14
-34.3475,147.4638,50.873,83.46
-34.3475,148.058,54.044,88.66
-34.3475,148.6522,56.884,93.32
-34.3475,149.2464,59.075,96.91
-34.3475,149.8406,60.27,98.87
-34.3475,150.4348,60.162,98.69
-34.3475,151.029,58.567,96.08
-34.3475,151.6232,55.493,91.03
-34.3475,152.2174,51.171,83.94
-34.3475,152.8116,45.998,75.46
-34.3475,153.4058,40.431,66.33
-34.3475,154.0,34.874,57.21
-33.7797,113.0,7.687,12.61
-33.7797,113.5942,9.672,15.87
-33.7797,114.1884,11.582,19.0
-33.7797,114.7826,13.159,21.59
-33.7797,115.3768,14.147,23.21
-33.7797,115.971,14.366,23.57
-33.7797,116.5652,13.781,22.61
-33.7797,117.1594,12.508,20.52
-33.7797,117.7536,10.773,17.67
-33.7797,118.3478,8.831,14.49
-33.7797,118.942,6.906,11.33
-33.7797,119.5362,5.159,8.46
-33.7797,120.1304,3.682,6.04
-33.7797,120.7246,2.509,4.12
-33.7797,121.3188,1.631,2.68
-33.7797,121.913,1.011,1.66
-33.7797,122.5072,0.597,0.98
-33.7797,131.4203,0.536,0.88
-33.7797,132.0145,0.86,1.41
-33.7797,132.6087,1.362,2.23
-33.7797,133.2029,2.112,3.46
-33.7797,133.7971,3.186,5.23
-33.7797,134.3913,4.65,7.63
-33.7797,134.9855,6.535,10.72
-33.7797,135.5797,8.819,14.47
-33.7797,136.1739,11.412,18.72
-33.7797,136.7681,14.152,23.22
-33.7797,137.3623,16.833,27.61
-33.7797,137.9565,19.248,31.58
-33.7797,138.5507,21.233,34.83
-33.7797,139.1449,22.715,37.26
-33.7797,139.7391,23.726,38.92
-33.7797,140.3333,24.393,40.02
-33.7797,140.9275,24.903,40.85
-33.7797,141.5217,25.451,41.75
-33.7797,142.1159,26.198,42.98
-33.7797,142.7101,27.248,44.7
-33.7797,143.3043,28.644,46.99
-33.7797,143.8986,30.385,49.85
-33.7797,144.4928,32.448,53.23
-33.7797,145.087,34.811,57.11
-33.7797,145.6812,37.459,61.45
-33.7797,146.2754,40.372,66.23
-33.7797,146.8696,43.513,71.38
-33.7797,147.4638,46.802,76.78
-33.7797,148.058,50.103,82.19
-33.7797,148.6522,53.208,87.29
-33.7797,149.2464,55.834,91.59
-33.7797,149.8406,57.634,94.55
-33.7797,150.4348,58.253,95.56
-33.7797,151.029,57.413,94.18
-33.7797,151.6232,55.017,90.25
-33.7797,152.2174,51.211,84.01
-33.7797,152.8116,46.358,76.05
-33.7797,153.4058,40.93,67.14
-33.7797,154.0,35.381,58.04
-33.2119,113.0,9.23,15.14
-33.2119,113.5942,11.668,19.14
-33.2119,114.1884,14.036,23.03
-33.2119,114.7826,16.005,26.26
-33.2119,115.3768,17.241,28.28
-33.2119,115.971,17.508,28.72
-33.2119,116.5652,16.761,27.5
-33.2119,117.1594,15.158,24.87
-33.2119,117.7536,12.995,21.32
-33.2119,118.3478,10.602,17.39
-33.2119,118.942,8.256,13.54
-33.2119,119.5362,6.147,10.08
-33.2119,120.1304,4.377,7.18
-33.2119,120.7246,2.979,4.89
-33.2119,121.3188,1.935,3.17
-33.2119,121.913,1.198,1.97
-33.2119,122.5072,0.707,1.16
-33.2119,132.0145,0.714,1.17
-33.2119,132.6087,1.129,1.85
-33.2119,133.2029,1.749,2.87
-33.2119,133.7971,2.637,4.33
-33.2119,134.3913,3.846,6.31
-33.2119,134.9855,5.404,8.87
-33.2119,135.5797,7.292,11.96
-33.2119,136.1739,9.435,15.48
-33.2119,136.7681,11.704,19.2
-33.2119,137.3623,13.929,22.85
-33.2119,137.9565,15.94,26.15
-33.2119,138.5507,17.606,28.88
-33.2119,139.1449,18.866,30.95
-33.2119,139.7391,19.751,32.4
-33.2119,140.3333,20.368,33.41
-33.2119,140.9275,20.872,34.24
-33.2119,141.5217,21.429,35.15
-33.2119,142.1159,22.177,36.38
-33.2119,142.7101,23.208,38.07
-33.2119,143.3043,24.563,40.29
-33.2119,143.8986,26.245,43.05
-33.2119,144.4928,28.238,46.32
-33.2119,145.087,30.518,50.06
-33.2119,145.6812,33.067,54.25
-33.2119,146.2754,35.861,58.83
-33.2119,146.8696,38.871,63.77
-33.2119,147.4638,42.041,68.97
-33.2119,148.058,45.277,74.28
-33.2119,148.6522,48.429,79.45
-33.2119,149.2464,51.263,84.1
-33.2119,149.8406,53.461,87.7
-33.2119,150.4348,54.654,89.66
-33.2119,151.029,54.506,89.42
-33.2119,151.6232,52.835,86.67
-33.2119,152.2174,49.693,81.52
-33.2119,152.8116,45.376,74.44
-33.2119,153.4058,40.328,66.16
-33.2119,154.0,35.018,57.45
-32.6441,113.0,10.372,17.01
-32.6441,113.5942,13.156,21.58
-32.6441,114.1884,15.876,26.04
-32.6441,114.7826,18.149,29.77
-32.6441,115.3768,19.576,32.11
-32.6441,115.971,19.879,32.61
-32.6441,116.5652,19.004,31.18
-32.6441,117.1594,17.144,28.12
-32.6441,117.7536,14.651,24.03
-32.6441,118.3478,11.913,19.54
-32.6441,118.942,9.25,15.17
-32.6441,119.5362,6.871,11.27
-32.6441,120.1304,4.885,8.01
-32.6441,120.7246,3.321,5.45
-32.6441,121.3188,2.156,3.54
-32.6441,121.913,1.335,2.19
-32.6441,122.5072,0.788,1.29
-32.6441,132.0145,0.567,0.93
-32.6441,132.6087,0.892,1.46
-32.6441,133.2029,1.376,2.26
-32.6441,133.7971,2.068,3.39
-32.6441,134.3913,3.009,4.94
-32.6441,134.9855,4.221,6.92
-32.6441,135.5797,5.691,9.34
-32.6441,136.1739,7.363,12.08
-32.6441,136.7681,9.139,14.99
-32.6441,137.3623,10.892,17.87
-32.6441,137.9565,12.494,20.5
-32.6441,138.5507,13.847,22.72
-32.6441,139.1449,14.906,24.45
-32.6441,139.7391,15.696,25.75
-32.6441,140.3333,16.301,26.74
-32.6441,140.9275,16.842,27.63
-32.6441,141.5217,17.448,28.62
-32.6441,142.1159,18.23,29.91
-32.6441,142.7101,19.261,31.6
-32.6441,143.3043,20.579,33.76
-32.6441,143.8986,22.19,36.4
-32.6441,144.4928,24.081,39.5
-32.6441,145.087,26.233,43.03
-32.6441,145.6812,28.626,46.96
-32.6441,146.2754,31.239,51.25
-32.6441,146.8696,34.045,55.85
-32.6441,147.4638,37.009,60.71
-32.6441,148.058,40.067,65.73
-32.6441,148.6522,43.114,70.73
-32.6441,149.2464,45.968,75.41
-32.6441,149.8406,48.354,79.32
-32.6441,150.4348,49.925,81.9
-32.6441,151.029,50.33,82.57
-32.6441,151.6232,49.335,80.93
-32.6441,152.2174,46.912,76.96
-32.6441,152.8116,43.272,70.99
-32.6441,153.4058,38.798,63.65
-32.6441,154.0,33.926,55.65
-32.0763,113.0,10.883,17.85
-32.0763,113.5942,13.818,22.67
-32.0763,114.1884,16.692,27.38
-32.0763,114.7826,19.097,31.33
-32.0763,115.3768,20.608,33.81
-32.0763,115.971,20.926,34.33
-32.0763,116.5652,19.997,32.8
-32.0763,117.1594,18.025,29.57
-32.0763,117.7536,15.388,25.24
-32.0763,118.3478,12.499,20.5
-32.0763,118.942,9.695,15.9
-32.0763,119.5362,7.197,11.81
-32.0763,120.1304,5.114,8.39
-32.0763,120.7246,3.475,5.7
-32.0763,121.3188,2.256,3.7
-32.0763,121.913,1.397,2.29
-32.0763,122.5072,0.824,1.35
-32.0763,132.6087,0.673,1.1
-32.0763,133.2029,1.032,1.69
-32.0763,133.7971,1.542,2.53
-32.0763,134.3913,2.233,3.66
-32.0763,134.9855,3.123,5.12
-32.0763,135.5797,4.204,6.9
-32.0763,136.1739,5.438,8.92
-32.0763,136.7681,6.756,11.08
-32.0763,137.3623,8.073,13.24
-32.0763,137.9565,9.298,15.25
-32.0763,138.5507,10.363,17.0
-32.0763,139.1449,11.239,18.44
-32.0763,139.7391,11.945,19.6
-32.0763,140.3333,12.542,20.57
-32.0763,140.9275,13.118,21.52
-32.0763,141.5217,13.768,22.59
-32.0763,142.1159,14.573,23.91
-32.0763,142.7101,15.591,25.58
-32.0763,143.3043,16.852,27.65
-32.0763,143.8986,18.365,30.13
-32.0763,144.4928,20.124,33.01
-32.0763,145.087,22.115,36.28
-32.0763,145.6812,24.322,39.9
-32.0763,146.2754,26.727,43.84
-32.0763,146.8696,29.309,48.08
-32.0763,147.4638,32.041,52.56
-32.0763,148.058,34.881,57.22
-32.0763,148.6522,37.752,61.93
-32.0763,149.2464,40.514,66.46
-32.0763,149.8406,42.94,70.44
-32.0763,150.4348,44.725,73.37
-32.0763,151.029,45.543,74.71
-32.0763,151.6232,45.14,74.05
-32.0763,152.2174,43.43,71.25
-32.0763,152.8116,40.535,66.5
-32.0763,153.4058,36.747,60.28
-32.0763,154.0,32.439,53.22
-31.5085,113.0,10.652,17.47
-31.5085,113.5942,13.505,22.15
-31.5085,114.1884,16.291,26.72
-31.5085,114.7826,18.618,30.54
-31.5085,115.3768,20.079,32.94
-31.5085,115.971,20.389,33.45
-31.5085,116.5652,19.496,31.98
-31.5085,117.1594,17.593,28.86
-31.5085,117.7536,15.041,24.67
-31.5085,118.3478,12.235,20.07
-31.5085,118.942,9.503,15.59
-31.5085,119.5362,7.061,11.58
-31.5085,120.1304,5.021,8.24
-31.5085,120.7246,3.414,5.6
-31.5085,121.3188,2.216,3.64
-31.5085,121.913,1.372,2.25
-31.5085,122.5072,0.81,1.33
-31.5085,133.2029,0.741,1.22
-31.5085,133.7971,1.098,1.8
-31.5085,134.3913,1.58,2.59
-31.5085,134.9855,2.201,3.61
-31.5085,135.5797,2.955,4.85
-31.5085,136.1739,3.82,6.27
-31.5085,136.7681,4.754,7.8
-31.5085,137.3623,5.701,9.35
-31.5085,137.9565,6.604,10.83
-31.5085,138.5507,7.419,12.17
-31.5085,139.1449,8.131,13.34
-31.5085,139.7391,8.751,14.36
-31.5085,140.3333,9.323,15.29
-31.5085,140.9275,9.906,16.25
-31.5085,141.5217,10.566,17.33
-31.5085,142.1159,11.359,18.63
-31.5085,142.7101,12.329,20.23
-31.5085,143.3043,13.5,22.15
-31.5085,143.8986,14.885,24.42
-31.5085,144.4928,16.483,27.04
-31.5085,145.087,18.289,30.0
-31.5085,145.6812,20.293,33.29
-31.5085,146.2754,22.484,36.88
-31.5085,146.8696,24.846,40.76
-31.5085,147.4638,27.359,44.88
-31.5085,148.058,29.992,49.2
-31.5085,148.6522,32.686,53.62
-31.5085,149.2464,35.331,57.96
-31.5085,149.8406,37.746,61.92
-31.5085,150.4348,39.676,65.09
-31.5085,151.029,40.833,66.99
-31.5085,151.6232,40.969,67.21
-31.5085,152.2174,39.951,65.54
-31.5085,152.8116,37.812,62.03
-31.5085,153.4058,34.742,56.99
-31.5085,154.0,31.028,50.9
-30.9407,113.0,9.738,15.97
-30.9407,113.5942,12.302,20.18
-30.9407,114.1884,14.788,24.26
-30.9407,114.7826,16.854,27.65
-30.9407,115.3768,18.149,29.77
-30.9407,115.971,18.43,30.23
-30.9407,116.5652,17.649,28.95
-30.9407,117.1594,15.97,26.2
-30.9407,117.7536,13.701,22.48
-30.9407,118.3478,11.186,18.35
-30.9407,118.942,8.716,14.3
-30.9407,119.5362,6.493,10.65
-30.9407,120.1304,4.625,7.59
-30.9407,120.7246,3.148,5.16
-30.9407,121.3188,2.045,3.35
-30.9407,121.913,1.267,2.08
-30.9407,122.5072,0.748,1.23
-30.9407,133.2029,0.513,0.84
-30.9407,133.7971,0.752,1.23
-30.9407,134.3913,1.074,1.76
-30.9407,134.9855,1.487,2.44
-30.9407,135.5797,1.991,3.27
-30.9407,136.1739,2.573,4.22
-30.9407,136.7681,3.208,5.26
-30.9407,137.3623,3.865,6.34
-30.9407,137.9565,4.511,7.4
-30.9407,138.5507,5.121,8.4
-30.9407,139.1449,5.685,9.33
-30.9407,139.7391,6.215,10.2
-30.9407,140.3333,6.737,11.05
-30.9407,140.9275,7.29,11.96
-30.9407,141.5217,7.916,12.99
-30.9407,142.1159,8.656,14.2
-30.9407,142.7101,9.541,15.65
-30.9407,143.3043,10.591,17.37
-30.9407,143.8986,11.821,19.39
-30.9407,144.4928,13.236,21.71
-30.9407,145.087,14.841,24.35
-30.9407,145.6812,16.634,27.29
-30.9407,146.2754,18.613,30.53
-30.9407,146.8696,20.769,34.07
-30.9407,147.4638,23.092,37.88
-30.9407,148.058,25.559,41.93
-30.9407,148.6522,28.125,46.14
-30.9407,149.2464,30.702,50.37
-30.9407,149.8406,33.149,54.38
-30.9407,150.4348,35.257,57.84
-30.9407,151.029,36.777,60.33
-30.9407,151.6232,37.463,61.46
-30.9407,152.2174,37.138,60.92
-30.9407,152.8116,35.741,58.63
-30.9407,153.4058,33.35,54.71
-30.9407,154.0,30.167,49.49
-30.3729,113.0,8.337,13.68
-30.3729,113.5942,10.48,17.19
-30.3729,114.1884,12.539,20.57
-30.3729,114.7826,14.237,23.36
-30.3729,115.3768,15.3,25.1
-30.3729,115.971,15.537,25.49
-30.3729,116.5652,14.91,24.46
-30.3729,117.1594,13.542,22.22
-30.3729,117.7536,11.673,19.15
-30.3729,118.3478,9.577,15.71
-30.3729,118.942,7.495,12.3
-30.3729,119.5362,5.602,9.19
-30.3729,120.1304,4.0,6.56
-30.3729,120.7246,2.726,4.47
-30.3729,121.3188,1.773,2.91
-30.3729,121.913,1.098,1.8
-30.3729,122.5072,0.648,1.06
-30.3729,133.7971,0.501,0.82
-30.3729,134.3913,0.708,1.16
-30.3729,134.9855,0.974,1.6
-30.3729,135.5797,1.299,2.13
-30.3729,136.1739,1.677,2.75
-30.3729,136.7681,2.097,3.44
-30.3729,137.3623,2.54,4.17
-30.3729,137.9565,2.992,4.91
-30.3729,138.5507,3.438,5.64
-30.3729,139.1449,3.875,6.36
-30.3729,139.7391,4.311,7.07
-30.3729,140.3333,4.762,7.81
-30.3729,140.9275,5.253,8.62
-30.3729,141.5217,5.812,9.53
-30.3729,142.1159,6.466,10.61
-30.3729,142.7101,7.236,11.87
-30.3729,143.3043,8.143,13.36
-30.3729,143.8986,9.202,15.1
-30.3729,144.4928,10.424,17.1
-30.3729,145.087,11.821,19.39
-30.3729,145.6812,13.403,21.99
-30.3729,146.2754,15.176,24.9
-30.3729,146.8696,17.146,28.13
-30.3729,147.4638,19.312,31.68
-30.3729,148.058,21.664,35.54
-30.3729,148.6522,24.17,39.65
-30.3729,149.2464,26.769,43.91
-30.3729,149.8406,29.349,48.15
-30.3729,150.4348,31.74,52.07
-30.3729,151.029,33.718,55.31
-30.3729,151.6232,35.026,57.46
-30.3729,152.2174,35.423,58.11
-30.3729,152.8116,34.744,57.0
-30.3729,153.4058,32.953,54.06
-30.3729,154.0,30.173,49.5
-29.8051,113.0,6.704,11.0
-29.8051,113.5942,8.385,13.76
-29.8051,114.1884,9.983,16.38
-29.8051,114.7826,11.29,18.52
-29.8051,115.3768,12.107,19.86
-29.8051,115.971,12.295,20.17
-29.8051,116.5652,11.824,19.4
-29.8051,117.1594,10.782,17.69
-29.8051,117.7536,9.34,15.32
-29.8051,118.3478,7.701,12.63
-29.8051,118.942,6.054,9.93
-29.8051,119.5362,4.54,7.45
-29.8051,120.1304,3.249,5.33
-29.8051,120.7246,2.218,3.64
-29.8051,121.3188,1.443,2.37
-29.8051,121.913,0.895,1.47
-29.8051,122.5072,0.528,0.87
-29.8051,134.9855,0.624,1.02
-29.8051,135.5797,0.829,1.36
-29.8051,136.1739,1.07,1.76
-29.8051,136.7681,1.341,2.2
-29.8051,137.3623,1.636,2.68
-29.8051,137.9565,1.946,3.19
-29.8051,138.5507,2.266,3.72
-29.8051,139.1449,2.596,4.26
-29.8051,139.7391,2.941,4.82
-29.8051,140.3333,3.311,5.43
-29.8051,140.9275,3.723,6.11
-29.8051,141.5217,4.193,6.88
-29.8051,142.1159,4.741,7.78
-29.8051,142.7101,5.384,8.83
-29.8051,143.3043,6.14,10.07
-29.8051,143.8986,7.024,11.52
-29.8051,144.4928,8.054,13.21
-29.8051,145.087,9.247,15.17
-29.8051,145.6812,10.624,17.43
-29.8051,146.2754,12.204,20.02
-29.8051,146.8696,14.006,22.98
-29.8051,147.4638,16.045,26.32
-29.8051,148.058,18.326,30.06
-29.8051,148.6522,20.84,34.19
-29.8051,149.2464,23.548,38.63
-29.8051,149.8406,26.368,43.26
-29.8051,150.4348,29.159,47.83
-29.8051,151.029,31.707,52.01
-29.8051,151.6232,33.721,55.32
-29.8051,152.2174,34.876,57.21
-29.8051,152.8116,34.887,57.23
-29.8051,153.4058,33.602,55.12
-29.8051,154.0,31.076,50.98
-29.2373,113.0,5.075,8.33
-29.2373,113.5942,6.32,10.37
-29.2373,114.1884,7.493,12.29
-29.2373,114.7826,8.446,13.86
-29.2373,115.3768,9.039,14.83
-29.2373,115.971,9.179,15.06
-29.2373,116.5652,8.845,14.51
-29.2373,117.1594,8.093,13.28
-29.2373,117.7536,7.04,11.55
-29.2373,118.3478,5.83,9.56
-29.2373,118.942,4.6,7.55
-29.2373,119.5362,3.46,5.68
-29.2373,120.1304,2.481,4.07
-29.2373,120.7246,1.696,2.78
-29.2373,121.3188,1.104,1.81
-29.2373,121.913,0.685,1.12
-29.2373,135.5797,0.524,0.86
-29.2373,136.1739,0.675,1.11
-29.2373,136.7681,0.849,1.39
-29.2373,137.3623,1.043,1.71
-29.2373,137.9565,1.253,2.06
-29.2373,138.5507,1.479,2.43
-29.2373,139.1449,1.721,2.82
-29.2373,139.7391,1.984,3.25
-29.2373,140.3333,2.273,3.73
-29.2373,140.9275,2.6,4.27
-29.2373,141.5217,2.977,4.88
-29.2373,142.1159,3.416,5.6
-29.2373,142.7101,3.932,6.45
-29.2373,143.3043,4.54,7.45
-29.2373,143.8986,5.258,8.63
-29.2373,144.4928,6.107,10.02
-29.2373,145.087,7.111,11.67
-29.2373,145.6812,8.297,13.61
-29.2373,146.2754,9.698,15.91
-29.2373,146.8696,11.349,18.62
-29.2373,147.4638,13.28,21.79
-29.2373,148.058,15.519,25.46
-29.2373,148.6522,18.078,29.66
-29.2373,149.2464,20.945,34.36
-29.2373,149.8406,24.069,39.48
-29.2373,150.4348,27.331,44.84
-29.2373,151.029,30.513,50.06
-29.2373,151.6232,33.276,54.59
-29.2373,152.2174,35.192,57.73
-29.2373,152.8116,35.845,58.8
-29.2373,153.4058,34.968,57.36
-29.2373,154.0,32.565,53.42
-28.6695,113.0,3.62,5.94
-28.6695,113.5942,4.495,7.37
-28.6695,114.1884,5.312,8.71
-28.6695,114.7826,5.973,9.8
-28.6695,115.3768,6.383,10.47
-28.6695,115.971,6.482,10.63
-28.6695,116.5652,6.255,10.26
-28.6695,117.1594,5.738,9.41
-28.6695,117.7536,5.007,8.21
-28.6695,118.3478,4.159,6.82
-28.6695,118.942,3.291,5.4
-28.6695,119.5362,2.48,4.07
-28.6695,120.1304,1.781,2.92
-28.6695,120.7246,1.218,2.0
-28.6695,121.3188,0.794,1.3
-28.6695,136.7681,0.536,0.88
-28.6695,137.3623,0.662,1.09
-28.6695,137.9565,0.804,1.32
-28.6695,138.5507,0.96,1.57
-28.6695,139.1449,1.133,1.86
-28.6695,139.7391,1.326,2.18
-28.6695,140.3333,1.543,2.53
-28.6695,140.9275,1.791,2.94
-28.6695,141.5217,2.08,3.41
-28.6695,142.1159,2.417,3.97
-28.6695,142.7101,2.817,4.62
-28.6695,143.3043,3.293,5.4
-28.6695,143.8986,3.862,6.34
-28.6695,144.4928,4.549,7.46
-28.6695,145.087,5.381,8.83
-28.6695,145.6812,6.395,10.49
-28.6695,146.2754,7.633,12.52
-28.6695,146.8696,9.143,15.0
-28.6695,147.4638,10.975,18.0
-28.6695,148.058,13.173,21.61
-28.6695,148.6522,15.775,25.88
-28.6695,149.2464,18.795,30.83
-28.6695,149.8406,22.212,36.44
-28.6695,150.4348,25.925,42.53
-28.6695,151.029,29.708,48.74
-28.6695,151.6232,33.169,54.41
-28.6695,152.2174,35.776,58.69
-28.6695,152.8116,36.982,60.67
-28.6695,153.4058,36.417,59.74
-28.6695,154.0,34.05,55.86
-28.1017,113.0,2.433,3.99
-28.1017,113.5942,3.015,4.95
-28.1017,114.1884,3.557,5.84
-28.1017,114.7826,3.993,6.55
-28.1017,115.3768,4.263,6.99
-28.1017,115.971,4.33,7.1
-28.1017,116.5652,4.182,6.86
-28.1017,117.1594,3.842,6.3
-28.1017,117.7536,3.359,5.51
-28.1017,118.3478,2.796,4.59
-28.1017,118.942,2.216,3.64
-28.1017,119.5362,1.672,2.74
-28.1017,120.1304,1.202,1.97
-28.1017,120.7246,0.822,1.35
-28.1017,121.3188,0.536,0.88
-28.1017,137.9565,0.515,0.84
-28.1017,138.5507,0.621,1.02
-28.1017,139.1449,0.741,1.22
-28.1017,139.7391,0.878,1.44
-28.1017,140.3333,1.035,1.7
-28.1017,140.9275,1.216,1.99
-28.1017,141.5217,1.428,2.34
-28.1017,142.1159,1.679,2.75
-28.1017,142.7101,1.979,3.25
-28.1017,143.3043,2.342,3.84
-28.1017,143.8986,2.784,4.57
-28.1017,144.4928,3.331,5.46
-28.1017,145.087,4.014,6.58
-28.1017,145.6812,4.873,7.99
-28.1017,146.2754,5.961,9.78
-28.1017,146.8696,7.335,12.03
-28.1017,147.4638,9.059,14.86
-28.1017,148.058,11.194,18.36
-28.1017,148.6522,13.796,22.63
-28.1017,149.2464,16.904,27.73
-28.1017,149.8406,20.518,33.66
-28.1017,150.4348,24.559,40.29
-28.1017,151.029,28.792,47.23
-28.1017,151.6232,32.782,53.78
-28.1017,152.2174,35.91,58.91
-28.1017,152.8116,37.525,61.56
-28.1017,153.4058,37.178,60.99
-28.1017,154.0,34.82,57.12
-27.5339,113.0,1.54,2.53
-27.5339,113.5942,1.906,3.13
-27.5339,114.1884,2.246,3.68
-27.5339,114.7826,2.519,4.13
-27.5339,115.3768,2.689,4.41
-27.5339,115.971,2.731,4.48
-27.5339,116.5652,2.639,4.33
-27.5339,117.1594,2.427,3.98
-27.5339,117.7536,2.124,3.48
-27.5339,118.3478,1.77,2.9
-27.5339,118.942,1.404,2.3
-27.5339,119.5362,1.06,1.74
-27.5339,120.1304,0.762,1.25
-27.5339,120.7246,0.522,0.86
-27.5339,139.7391,0.575,0.94
-27.5339,140.3333,0.684,1.12
-27.5339,140.9275,0.812,1.33
-27.5339,141.5217,0.963,1.58
-27.5339,142.1159,1.144,1.88
-27.5339,142.7101,1.364,2.24
-27.5339,143.3043,1.634,2.68
-27.5339,143.8986,1.971,3.23
-27.5339,144.4928,2.4,3.94
-27.5339,145.087,2.954,4.85
-27.5339,145.6812,3.677,6.03
-27.5339,146.2754,4.624,7.59
-27.5339,146.8696,5.86,9.61
-27.5339,147.4638,7.456,12.23
-27.5339,148.058,9.485,15.56
-27.5339,148.6522,12.013,19.71
-27.5339,149.2464,15.093,24.76
-27.5339,149.8406,18.745,30.75
-27.5339,150.4348,22.901,37.57
-27.5339,151.029,27.328,44.83
-27.5339,151.6232,31.569,51.79
-27.5339,152.2174,34.959,57.35
-27.5339,152.8116,36.791,60.35
-27.5339,153.4058,36.576,60.0
-27.5339,154.0,34.265,56.21
-26.9661,113.0,0.917,1.5
-26.9661,113.5942,1.134,1.86
-26.9661,114.1884,1.336,2.19
-26.9661,114.7826,1.498,2.46
-26.9661,115.3768,1.598,2.62
-26.9661,115.971,1.623,2.66
-26.9661,116.5652,1.569,2.57
-26.9661,117.1594,1.443,2.37
-26.9661,117.7536,1.264,2.07
-26.9661,118.3478,1.054,1.73
-26.9661,118.942,0.836,1.37
-26.9661,119.5362,0.632,1.04
-26.9661,140.9275,0.532,0.87
-26.9661,141.5217,0.637,1.04
-26.9661,142.1159,0.764,1.25
-26.9661,142.7101,0.921,1.51
-26.9661,143.3043,1.118,1.83
-26.9661,143.8986,1.371,2.25
-26.9661,144.4928,1.704,2.8
-26.9661,145.087,2.148,3.52
-26.9661,145.6812,2.748,4.51
-26.9661,146.2754,3.561,5.84
-26.9661,146.8696,4.652,7.63
-26.9661,147.4638,6.094,10.0
-26.9661,148.058,7.963,13.06
-26.9661,148.6522,10.328,16.94
-26.9661,149.2464,13.247,21.73
-26.9661,149.8406,16.743,27.47
-26.9661,150.4348,20.756,34.05
-26.9661,151.029,25.066,41.12
-26.9661,151.6232,29.222,47.94
-26.9661,152.2174,32.568,53.43
-26.9661,152.8116,34.405,56.44
-26.9661,153.4058,34.256,56.2
-26.9661,154.0,32.08,52.63
-26.3983,113.0,0.513,0.84
-26.3983,113.5942,0.635,1.04
-26.3983,114.1884,0.748,1.23
-26.3983,114.7826,0.838,1.37
-26.3983,115.3768,0.894,1.47
-26.3983,115.971,0.908,1.49
-26.3983,116.5652,0.878,1.44
-26.3983,117.1594,0.808,1.33
-26.3983,117.7536,0.707,1.16
-26.3983,118.3478,0.59,0.97
-26.3983,142.7101,0.609,1.0
-26.3983,143.3043,0.75,1.23
-26.3983,143.8986,0.937,1.54
-26.3983,144.4928,1.191,1.95
-26.3983,145.087,1.543,2.53
-26.3983,145.6812,2.033,3.34
-26.3983,146.2754,2.716,4.46
-26.3983,146.8696,3.654,5.99
-26.3983,147.4638,4.918,8.07
-26.3983,148.058,6.577,10.79
-26.3983,148.6522,8.696,14.27
-26.3983,149.2464,11.326,18.58
-26.3983,149.8406,14.485,23.76
-26.3983,150.4348,18.115,29.72
-26.3983,151.029,22.011,36.11
-26.3983,151.6232,25.764,42.27
-26.3983,152.2174,28.783,47.22
-26.3983,152.8116,30.441,49.94
-26.3983,153.4058,30.317,49.73
-26.3983,154.0,28.385,46.56
-25.8305,143.8986,0.63,1.03
-25.8305,144.4928,0.821,1.35
-25.8305,145.087,1.094,1.79
-25.8305,145.6812,1.485,2.44
-25.8305,146.2754,2.044,3.35
-25.8305,146.8696,2.826,4.64
-25.8305,147.4638,3.893,6.39
-25.8305,148.058,5.307,8.71
-25.8305,148.6522,7.12,11.68
-25.8305,149.2464,9.37,15.37
-25.8305,149.8406,12.062,19.79
-25.8305,150.4348,15.135,24.83
-25.8305,151.029,18.409,30.2
-25.8305,151.6232,21.54,35.34
-25.8305,152.2174,24.038,39.43
-25.8305,152.8116,25.397,41.66
-25.8305,153.4058,25.282,41.47
-25.8305,154.0,23.682,38.85
-25.2627,144.4928,0.556,0.91
-25.2627,145.087,0.763,1.25
-25.2627,145.6812,1.067,1.75
-25.2627,146.2754,1.51,2.48
-25.2627,146.8696,2.138,3.51
-25.2627,147.4638,3.005,4.93
-25.2627,148.058,4.158,6.82
-25.2627,148.6522,5.637,9.25
-25.2627,149.2464,7.465,12.25
-25.2627,149.8406,9.634,15.8
-25.2627,150.4348,12.079,19.82
-25.2627,151.029,14.648,24.03
-25.2627,151.6232,17.071,28.0
-25.2627,152.2174,18.979,31.13
-25.2627,152.8116,20.001,32.81
-25.2627,153.4058,19.896,32.64
-25.2627,154.0,18.663,30.62
-24.6949,145.087,0.523,0.86
-24.6949,145.6812,0.752,1.23
-24.6949,146.2754,1.09,1.79
-24.6949,146.8696,1.575,2.58
-24.6949,147.4638,2.248,3.69
-24.6949,148.058,3.147,5.16
-24.6949,148.6522,4.299,7.05
-24.6949,149.2464,5.713,9.37
-24.6949,149.8406,7.37,12.09
-24.6949,150.4348,9.21,15.11
-24.6949,151.029,11.108,18.22
-24.6949,151.6232,12.865,21.1
-24.6949,152.2174,14.226,23.34
-24.6949,152.8116,14.939,24.51
-24.6949,153.4058,14.85,24.36
-24.6949,154.0,13.961,22.9
-24.1271,145.6812,0.517,0.85
-24.1271,146.2754,0.766,1.26
-24.1271,146.8696,1.125,1.85
-24.1271,147.4638,1.625,2.67
-24.1271,148.058,2.294,3.76
-24.1271,148.6522,3.149,5.17
-24.1271,149.2464,4.192,6.88
-24.1271,149.8406,5.4,8.86
-24.1271,150.4348,6.719,11.02
-24.1271,151.029,8.052,13.21
-24.1271,151.6232,9.262,15.19
-24.1271,152.2174,10.181,16.7
-24.1271,152.8116,10.652,17.47
-24.1271,153.4058,10.582,17.36
-24.1271,154.0,9.975,16.36
-23.5593,146.2754,0.527,0.86
-23.5593,146.8696,0.781,1.28
-23.5593,147.4638,1.136,1.86
-23.5593,148.058,1.61,2.64
-23.5593,148.6522,2.214,3.63
-23.5593,149.2464,2.948,4.84
-23.5593,149.8406,3.789,6.22
-23.5593,150.4348,4.695,7.7
-23.5593,151.029,5.595,9.18
-23.5593,151.6232,6.396,10.49
-23.5593,152.2174,6.992,11.47
-23.5593,152.8116,7.292,11.96
-23.5593,153.4058,7.241,11.88
-23.5593,154.0,6.844,11.23
-22.9915,146.8696,0.546,0.9
-22.9915,147.4638,0.783,1.28
-22.9915,148.058,1.098,1.8
-22.9915,148.6522,1.499,2.46
-22.9915,149.2464,1.988,3.26
-22.9915,149.8406,2.547,4.18
-22.9915,150.4348,3.144,5.16
-22.9915,151.029,3.73,6.12
-22.9915,151.6232,4.244,6.96
-22.9915,152.2174,4.621,7.58
-22.9915,152.8116,4.807,7.89
-22.9915,153.4058,4.772,7.83
-22.9915,154.0,4.521,7.42
-22.4237,147.4638,0.58,0.95
-22.4237,148.058,0.763,1.25
-22.4237,148.6522,1.0,1.64
-22.4237,149.2464,1.296,2.13
-22.4237,149.8406,1.643,2.7
-22.4237,150.4348,2.018,3.31
-22.4237,151.029,2.384,3.91
-22.4237,151.6232,2.704,4.44
-22.4237,152.2174,2.936,4.82
-22.4237,152.8116,3.05,5.0
-22.4237,153.4058,3.028,4.97
-22.4237,154.0,2.872,4.71
-21.8559,147.4638,0.551,0.9
-21.8559,148.058,0.614,1.01
-21.8559,148.6522,0.705,1.16
-21.8559,149.2464,0.842,1.38
-21.8559,149.8406,1.028,1.69
-21.8559,150.4348,1.243,2.04
-21.8559,151.029,1.46,2.4
-21.8559,151.6232,1.651,2.71
-21.8559,152.2174,1.789,2.93
-21.8559,152.8116,1.857,3.05
-21.8559,153.4058,1.844,3.03
-21.8559,154.0,1.751,2.87
-21.2881,146.2754,0.651,1.07
-21.2881,146.8696,0.733,1.2
-21.2881,147.4638,0.725,1.19
-21.2881,148.058,0.661,1.08
-21.2881,148.6522,0.6,0.98
-21.2881,149.2464,0.591,0.97
-21.2881,149.8406,0.643,1.05
-21.2881,150.4348,0.741,1.22
-21.2881,151.029,0.857,1.41
-21.2881,151.6232,0.964,1.58
-21.2881,152.2174,1.043,1.71
-21.2881,152.8116,1.082,1.77
-21.2881,153.4058,1.074,1.76
-21.2881,154.0,1.021,1.67
-20.7203,145.087,0.551,0.9
-20.7203,145.6812,0.84,1.38
-20.7203,146.2754,1.08,1.77
-20.7203,146.8696,1.173,1.92
-20.7203,147.4638,1.086,1.78
-20.7203,148.058,0.877,1.44
-20.7203,148.6522,0.652,1.07
-20.7203,151.6232,0.538,0.88
-20.7203,152.2174,0.58,0.95
-20.7203,152.8116,0.601,0.99
-20.7203,153.4058,0.597,0.98
-20.7203,154.0,0.567,0.93
-20.1525,145.087,0.847,1.39
-20.1525,145.6812,1.269,2.08
-20.1525,146.2754,1.604,2.63
-20.1525,146.8696,1.707,2.8
-20.1525,147.4638,1.535,2.52
-20.1525,148.058,1.176,1.93
-20.1525,148.6522,0.787,1.29
-19.5847,144.4928,0.68,1.12
-19.5847,145.087,1.165,1.91
-19.5847,145.6812,1.694,2.78
-19.5847,146.2754,2.087,3.42
-19.5847,146.8696,2.174,3.57
-19.5847,147.4638,1.912,3.14
-19.5847,148.058,1.424,2.34
-19.5847,148.6522,0.907,1.49
-19.5847,149.2464,0.51,0.84
-19.0169,144.4928,0.907,1.49
-19.0169,145.087,1.475,2.42
-19.0169,145.6812,2.048,3.36
-19.0169,146.2754,2.424,3.98
-19.0169,146.8696,2.441,4.0
-19.0169,147.4638,2.086,3.42
-19.0169,148.058,1.512,2.48
-19.0169,148.6522,0.932,1.53
-18.4492,143.8986,0.642,1.05
-18.4492,144.4928,1.155,1.89
-18.4492,145.087,1.772,2.91
-18.4492,145.6812,2.323,3.81
-18.4492,146.2754,2.604,4.27
-18.4492,146.8696,2.495,4.09
-18.4492,147.4638,2.041,3.35
-18.4492,148.058,1.424,2.34
-18.4492,148.6522,0.847,1.39
-17.8814,143.8986,0.809,1.33
-17.8814,144.4928,1.394,2.29
-17.8814,145.087,2.034,3.34
-17.8814,145.6812,2.522,4.14
-17.8814,146.2754,2.665,4.37
-17.8814,146.8696,2.406,3.95
-17.8814,147.4638,1.859,3.05
-17.8814,148.058,1.229,2.02
-17.8814,148.6522,0.696,1.14
-17.3136,143.8986,0.92,1.51
-17.3136,144.4928,1.541,2.53
-17.3136,145.087,2.172,3.56
-17.3136,145.6812,2.584,4.24
-17.3136,146.2754,2.601,4.27
-17.3136,146.8696,2.223,3.65
-17.3136,147.4638,1.619,2.66
-17.3136,148.058,1.007,1.65
-17.3136,148.6522,0.537,0.88
-16.7458,143.8986,0.911,1.49
-16.7458,144.4928,1.503,2.47
-16.7458,145.087,2.077,3.41
-16.7458,145.6812,2.409,3.95
-16.7458,146.2754,2.349,3.85
-16.7458,146.8696,1.93,3.17
-16.7458,147.4638,1.341,2.2
-16.7458,148.058,0.791,1.3
-16.178,143.8986,0.769,1.26
-16.178,144.4928,1.26,2.07
-16.178,145.087,1.724,2.83
-16.178,145.6812,1.972,3.24
-16.178,146.2754,1.889,3.1
-16.178,146.8696,1.516,2.49
-16.178,147.4638,1.023,1.68
-16.178,148.058,0.581,0.95
-15.6102,143.8986,0.548,0.9
-15.6102,144.4928,0.894,1.47
-15.6102,145.087,1.218,2.0
-15.6102,145.6812,1.383,2.27
-15.6102,146.2754,1.313,2.15
-15.6102,146.8696,1.041,1.71
-15.6102,147.4638,0.691,1.13
-15.0424,144.4928,0.533,0.87
-15.0424,145.087,0.724,1.19
-15.0424,145.6812,0.82,1.35
-15.0424,146.2754,0.775,1.27
-15.0424,146.8696,0.611,1.0
-14.4746,129.6377,0.653,1.07
-14.4746,130.2319,0.86,1.41
-14.4746,130.8261,0.945,1.55
-14.4746,131.4203,0.867,1.42
-14.4746,132.0145,0.664,1.09
-13.9068,129.0435,0.702,1.15
-13.9068,129.6377,1.106,1.81
-13.9068,130.2319,1.455,2.39
-13.9068,130.8261,1.599,2.62
-13.9068,131.4203,1.467,2.41
-13.9068,132.0145,1.124,1.84
-13.9068,132.6087,0.72,1.18
-13.339,128.4493,0.529,0.87
-13.339,129.0435,0.999,1.64
-13.339,129.6377,1.574,2.58
-13.339,130.2319,2.072,3.4
-13.339,130.8261,2.277,3.74
-13.339,131.4203,2.089,3.43
-13.339,132.0145,1.601,2.63
-13.339,132.6087,1.025,1.68
-13.339,133.2029,0.548,0.9
-12.7712,128.4493,0.634,1.04
-12.7712,129.0435,1.197,1.96
-12.7712,129.6377,1.887,3.1
-12.7712,130.2319,2.483,4.07
-12.7712,130.8261,2.728,4.48
-12.7712,131.4203,2.504,4.11
-12.7712,132.0145,1.919,3.15
-12.7712,132.6087,1.228,2.01
-12.7712,133.2029,0.656,1.08
-12.2034,128.4493,0.64,1.05
-12.2034,129.0435,1.207,1.98
-12.2034,129.6377,1.902,3.12
-12.2034,130.2319,2.503,4.11
-12.2034,130.8261,2.751,4.51
-12.2034,131.4203,2.525,4.14
-12.2034,132.0145,1.935,3.17
-12.2034,132.6087,1.238,2.03
-12.2034,133.2029,0.662,1.09
-11.6356,128.4493,0.543,0.89
-11.6356,129.0435,1.024,1.68
-11.6356,129.6377,1.614,2.65
-11.6356,130.2319,2.124,3.48
-11.6356,130.8261,2.334,3.83
-11.6356,131.4203,2.142,3.51
-11.6356,132.0145,1.641,2.69
-11.6356,132.6087,1.05,1.72
-11.6356,133.2029,0.561,0.92
-11.0678,129.0435,0.731,1.2
-11.0678,129.6377,1.152,1.89
-11.0678,130.2319,1.516,2.49
-11.0678,130.8261,1.666,2.73
-11.0678,131.4203,1.529,2.51
-11.0678,132.0145,1.172,1.92
-11.0678,132.6087,0.75,1.23
-10.5,129.6377,0.692,1.14
-10.5,130.2319,0.911,1.49
-10.5,130.8261,1.001,1.64
-10.5,131.4203,0.919,1.51
-10.5,132.0145,0.704,1.15
