suburb,lat,lon
Melbourne CBD,-37.820203,144.968559
Melbourne CBD,-37.809677,144.972912
Melbourne CBD,-37.813034,144.952169
Melbourne CBD,-37.827122,144.977759
Melbourne CBD,-37.841099,144.95493
Melbourne CBD,-37.826129,144.964115
Melbourne CBD,-37.819953,144.956529
Melbourne CBD,-37.804119,144.95505
Melbourne CBD,-37.827465,144.9772
Melbourne CBD,-37.803437,144.980402
Melbourne CBD,-37.807186,144.952501
Melbourne CBD,-37.799693,144.957311
Melbourne CBD,-37.811532,144.947088
Melbourne CBD,-37.821383,144.969653
Melbourne CBD,-37.805508,144.963565
Melbourne CBD,-37.798796,144.961934
Melbourne CBD,-37.838638,144.970396
Melbourne CBD,-37.839536,144.938798
Melbourne CBD,-37.818833,144.970936
Melbourne CBD,-37.807357,144.959028
Melbourne CBD,-37.809405,144.944393
Melbourne CBD,-37.784962,144.959391
Melbourne CBD,-37.815362,144.959755
Melbourne CBD,-37.800149,144.965481
Melbourne CBD,-37.811507,144.957734
Melbourne CBD,-37.818141,144.965858
Melbourne CBD,-37.81407,144.964528
Melbourne CBD,-37.820614,144.978479
Melbourne CBD,-37.807177,144.987232
Melbourne CBD,-37.805825,144.966486
Melbourne CBD,-37.814181,144.977735
Melbourne CBD,-37.812629,144.949693
Melbourne CBD,-37.822786,144.932481
Melbourne CBD,-37.797295,144.98418
Melbourne CBD,-37.829725,144.949103
Melbourne CBD,-37.823168,144.953838
Melbourne CBD,-37.808108,144.967669
Melbourne CBD,-37.810156,144.971102
Melbourne CBD,-37.808604,144.970881
Melbourne CBD,-37.832698,144.953865
Melbourne CBD,-37.806708,144.936495
Melbourne CBD,-37.797073,144.981081
Melbourne CBD,-37.811778,144.968236
Melbourne CBD,-37.81734,144.981682
Melbourne CBD,-37.805594,144.966067
Melbourne CBD,-37.831574,144.978957
Melbourne CBD,-37.823611,144.971896
Melbourne CBD,-37.817246,144.967703
Melbourne CBD,-37.79384,144.940711
Melbourne CBD,-37.815743,144.948808
Melbourne CBD,-37.823331,144.967389
Melbourne CBD,-37.823479,144.945813
Melbourne CBD,-37.822689,144.990319
Melbourne CBD,-37.815142,144.953156
Melbourne CBD,-37.80706,144.94301
Melbourne CBD,-37.813582,144.975174
Melbourne CBD,-37.813554,144.957215
Melbourne CBD,-37.842187,144.977229
Melbourne CBD,-37.814154,144.980119
Melbourne CBD,-37.793187,144.946944
Melbourne CBD,-37.810078,144.945833
Melbourne CBD,-37.805238,144.958365
Melbourne CBD,-37.80454,144.953092
Melbourne CBD,-37.822591,144.946512
Melbourne CBD,-37.817241,144.984341
Melbourne CBD,-37.841716,144.937174
Melbourne CBD,-37.820054,144.949664
Melbourne CBD,-37.831866,144.983729
Melbourne CBD,-37.823639,144.980735
Melbourne CBD,-37.824231,144.928123
Melbourne CBD,-37.807408,144.983059
Melbourne CBD,-37.805493,144.981242
Melbourne CBD,-37.824495,144.943287
Melbourne CBD,-37.807793,144.955322
Melbourne CBD,-37.80653,144.95291
Melbourne CBD,-37.818337,144.967236
Melbourne CBD,-37.814198,144.962955
Melbourne CBD,-37.820255,144.983073
Melbourne CBD,-37.813712,144.954386
Melbourne CBD,-37.810773,144.947868
Melbourne CBD,-37.808073,144.986091
Melbourne CBD,-37.814537,144.94696
Melbourne CBD,-37.829973,144.95922
Melbourne CBD,-37.827422,144.945057
Melbourne CBD,-37.812648,144.953541
Carlton,-37.793191,144.967077
Carlton,-37.804391,144.983956
Carlton,-37.786708,144.962585
Carlton,-37.809231,144.97966
Carlton,-37.783655,144.960081
Carlton,-37.80445,144.989441
Carlton,-37.77751,144.964886
Carlton,-37.804727,144.971474
Carlton,-37.804903,144.96804
Carlton,-37.789905,144.977663
Carlton,-37.787806,144.948095
Carlton,-37.824759,144.983796
Carlton,-37.794863,144.976053
Carlton,-37.80111,144.984772
Carlton,-37.78973,144.957169
Carlton,-37.785729,144.936197
Carlton,-37.82395,144.970172
Carlton,-37.788323,144.955701
Carlton,-37.796508,144.971165
Carlton,-37.797928,144.982148
Carlton,-37.788116,144.967446
Carlton,-37.809647,144.966681
Carlton,-37.80039,144.947599
Carlton,-37.815438,144.961998
Carlton,-37.809558,144.958788
Carlton,-37.790749,144.982769
Carlton,-37.795688,144.967349
Carlton,-37.803558,144.974905
Carlton,-37.798556,144.957745
Carlton,-37.815967,144.974494
Carlton,-37.817673,144.979077
Carlton,-37.793339,144.972138
Carlton,-37.800624,144.979752
Carlton,-37.806222,144.962693
Carlton,-37.8162,144.958084
Carlton,-37.811469,144.94454
Carlton,-37.783052,144.976816
Carlton,-37.80234,144.939649
Carlton,-37.795805,144.97116
Carlton,-37.797802,144.945465
Carlton,-37.786646,144.991423
Carlton,-37.802219,144.946732
Carlton,-37.797707,144.946453
Carlton,-37.80092,144.970204
Carlton,-37.80802,144.983065
Carlton,-37.795932,144.974581
Carlton,-37.788032,144.977046
Carlton,-37.779788,144.961347
Carlton,-37.787165,144.967302
Carlton,-37.801042,144.960279
Carlton,-37.796355,144.956067
Carlton,-37.818784,144.97503
Fitzroy,-37.795648,144.973816
Fitzroy,-37.789054,144.951195
Fitzroy,-37.788167,144.956912
Fitzroy,-37.806371,144.986934
Fitzroy,-37.787531,144.98209
Fitzroy,-37.801308,144.986044
Fitzroy,-37.775878,144.967699
Fitzroy,-37.79542,144.96678
Fitzroy,-37.79006,144.988659
Fitzroy,-37.789024,144.983904
Fitzroy,-37.807325,144.970196
Fitzroy,-37.804509,144.989049
Fitzroy,-37.797583,144.974642
Fitzroy,-37.792663,144.959803
Fitzroy,-37.816726,144.971424
Fitzroy,-37.775331,144.981338
Fitzroy,-37.802024,144.992115
Fitzroy,-37.824845,144.975613
Fitzroy,-37.797069,144.995379
Fitzroy,-37.790824,144.977478
Fitzroy,-37.803399,144.971101
Fitzroy,-37.810792,144.971699
Fitzroy,-37.801754,144.976608
Fitzroy,-37.791447,145.007546
Fitzroy,-37.794766,144.989007
Fitzroy,-37.789922,144.977252
Fitzroy,-37.81027,144.970658
Fitzroy,-37.781867,144.978418
Fitzroy,-37.827308,144.977367
Fitzroy,-37.794444,144.977175
Fitzroy,-37.808423,144.971073
Fitzroy,-37.781033,145.001703
Fitzroy,-37.787184,144.9872
Fitzroy,-37.797394,144.996671
Fitzroy,-37.793009,145.005325
Fitzroy,-37.806518,144.981764
Fitzroy,-37.797081,144.970645
Fitzroy,-37.799774,144.967147
Fitzroy,-37.794105,144.968672
Fitzroy,-37.809501,144.960483
Fitzroy,-37.823361,144.977176
Fitzroy,-37.807556,144.975174
Fitzroy,-37.817176,144.974636
Fitzroy,-37.811964,144.986361
Fitzroy,-37.790916,144.98281
Fitzroy,-37.797938,144.965087
Fitzroy,-37.791141,145.001726
Fitzroy,-37.795807,144.978744
Fitzroy,-37.791904,144.981555
Fitzroy,-37.789599,144.981702
Fitzroy,-37.802206,145.010405
Fitzroy,-37.799586,144.996887
Fitzroy,-37.804523,145.000228
Fitzroy,-37.790784,144.986696
Fitzroy,-37.792689,144.987578
Fitzroy,-37.799958,144.99377
Fitzroy,-37.796456,144.976825
Fitzroy,-37.797205,144.997583
Fitzroy,-37.793143,144.965881
Fitzroy,-37.805733,144.987765
Collingwood,-37.814567,144.999638
Collingwood,-37.803534,144.984048
Collingwood,-37.800184,144.996121
Collingwood,-37.818726,144.970252
Collingwood,-37.803582,144.987238
Collingwood,-37.794314,144.997114
Collingwood,-37.815499,144.950912
Collingwood,-37.812611,144.998037
Collingwood,-37.789404,144.969721
Collingwood,-37.796272,144.980639
Collingwood,-37.809149,144.961562
Collingwood,-37.805306,144.997642
Collingwood,-37.796345,144.9827
Collingwood,-37.806566,144.992946
Collingwood,-37.792078,144.972926
Collingwood,-37.803438,145.002546
Collingwood,-37.806081,144.987904
Collingwood,-37.804191,144.981215
Collingwood,-37.818597,145.002754
Collingwood,-37.808113,145.010989
Collingwood,-37.788709,144.974035
Collingwood,-37.828688,145.001903
Collingwood,-37.821334,145.030563
Collingwood,-37.815729,144.976087
Collingwood,-37.800075,144.98208
Collingwood,-37.808717,145.011225
Collingwood,-37.779133,145.000614
Collingwood,-37.817344,144.991787
Collingwood,-37.79894,144.986852
Collingwood,-37.788677,144.989304
Collingwood,-37.819892,144.965575
Collingwood,-37.795191,145.014906
Collingwood,-37.812648,144.971163
Collingwood,-37.782655,144.990169
Collingwood,-37.80045,145.007948
Collingwood,-37.802082,144.986903
Collingwood,-37.829626,145.001538
Collingwood,-37.809257,145.013736
Collingwood,-37.796282,144.966978
Collingwood,-37.785233,144.986762
Collingwood,-37.78576,145.003908
Collingwood,-37.803869,144.972775
Collingwood,-37.796187,144.993483
Collingwood,-37.812981,144.985197
Collingwood,-37.796979,144.986294
Collingwood,-37.804931,144.994313
Collingwood,-37.804204,144.959964
Collingwood,-37.804061,145.001345
Collingwood,-37.791625,144.974465
Collingwood,-37.795751,145.034808
Richmond,-37.821737,144.98077
Richmond,-37.83638,144.998455
Richmond,-37.831832,144.981051
Richmond,-37.816644,145.003362
Richmond,-37.813213,145.005312
Richmond,-37.835307,144.9802
Richmond,-37.809191,145.00087
Richmond,-37.819936,144.97458
Richmond,-37.834029,145.014519
Richmond,-37.840206,145.008091
Richmond,-37.817848,144.99341
Richmond,-37.827842,144.994574
Richmond,-37.81356,145.024529
Richmond,-37.821313,144.981039
Richmond,-37.808367,145.008389
Richmond,-37.824927,144.984424
Richmond,-37.839166,144.98602
Richmond,-37.818052,144.996716
Richmond,-37.800408,144.997319
Richmond,-37.826204,145.005421
Richmond,-37.806267,144.998537
Richmond,-37.82301,145.011002
Richmond,-37.829493,145.003804
Richmond,-37.812745,144.996409
Richmond,-37.798477,144.975009
Richmond,-37.802932,144.978539
Richmond,-37.816692,144.974215
Richmond,-37.838105,144.978966
Richmond,-37.807172,144.988191
Richmond,-37.841131,144.984797
Richmond,-37.81467,144.978281
Richmond,-37.80676,144.99553
Richmond,-37.826503,144.999267
Richmond,-37.808782,144.998049
Richmond,-37.808272,144.98787
Richmond,-37.819275,144.985333
Richmond,-37.837229,145.024573
Richmond,-37.830258,144.971503
Richmond,-37.828034,145.013512
Richmond,-37.827413,145.000988
Richmond,-37.818909,145.00048
Richmond,-37.81301,145.000872
Richmond,-37.812866,144.979639
Richmond,-37.834972,145.007801
Richmond,-37.814797,144.987766
Richmond,-37.793395,144.973027
Richmond,-37.825585,144.997173
Richmond,-37.834299,144.963695
South Yarra,-37.847015,145.002224
South Yarra,-37.839492,145.000392
South Yarra,-37.845096,144.98279
South Yarra,-37.828781,144.986996
South Yarra,-37.827732,145.008469
South Yarra,-37.833718,144.992124
South Yarra,-37.822649,144.989038
South Yarra,-37.836783,144.958482
South Yarra,-37.854178,144.987694
South Yarra,-37.832271,145.004564
South Yarra,-37.848913,144.989345
South Yarra,-37.850816,144.998693
South Yarra,-37.834218,144.981698
South Yarra,-37.833129,144.986708
South Yarra,-37.848214,144.979211
South Yarra,-37.846637,145.016739
South Yarra,-37.833765,144.992474
South Yarra,-37.838286,144.987919
South Yarra,-37.858455,145.021532
South Yarra,-37.813202,144.98584
South Yarra,-37.852105,145.01166
South Yarra,-37.835659,144.992247
South Yarra,-37.83091,144.972619
South Yarra,-37.828034,144.986479
South Yarra,-37.85264,144.973888
South Yarra,-37.859095,144.993487
South Yarra,-37.839245,144.997258
South Yarra,-37.833505,145.034094
South Yarra,-37.862822,145.00559
South Yarra,-37.813706,144.987045
South Yarra,-37.84943,144.989377
South Yarra,-37.855955,144.977403
South Yarra,-37.840535,144.989347
South Yarra,-37.837104,144.994289
South Yarra,-37.839937,145.007399
South Yarra,-37.854003,145.010579
South Yarra,-37.83912,144.981271
South Yarra,-37.854669,145.017677
South Yarra,-37.8411,144.989579
South Yarra,-37.850726,145.016527
South Yarra,-37.847829,144.990821
South Yarra,-37.855515,145.004026
South Yarra,-37.835961,145.002903
South Yarra,-37.833563,144.980968
South Yarra,-37.870919,145.01575
Prahran,-37.83915,144.989808
Prahran,-37.841629,144.993006
Prahran,-37.830539,144.989563
Prahran,-37.846032,145.023989
Prahran,-37.835436,144.977141
Prahran,-37.834375,144.99497
Prahran,-37.847408,145.003903
Prahran,-37.858527,145.002051
Prahran,-37.840317,144.983723
Prahran,-37.84548,145.000237
Prahran,-37.858427,144.995629
Prahran,-37.839992,144.975815
Prahran,-37.849869,144.984063
Prahran,-37.865789,144.984011
Prahran,-37.837444,144.997338
Prahran,-37.852408,144.985767
Prahran,-37.841016,144.990352
Prahran,-37.835477,145.007806
Prahran,-37.828417,144.990724
Prahran,-37.859494,144.990436
Prahran,-37.848059,144.998131
Prahran,-37.846236,145.012997
Prahran,-37.848407,145.036019
Prahran,-37.844029,145.001982
Prahran,-37.873884,145.012596
Prahran,-37.853153,145.000731
Prahran,-37.849805,144.986964
Prahran,-37.857215,144.994834
Prahran,-37.83627,144.990671
Prahran,-37.878984,144.991723
Prahran,-37.8706,144.956163
Prahran,-37.870937,145.00566
Prahran,-37.85786,144.997636
Prahran,-37.832745,144.988097
Prahran,-37.839337,145.007639
Prahran,-37.851345,144.985746
Prahran,-37.861932,144.994616
Prahran,-37.84156,145.013038
St Kilda,-37.883099,144.983558
St Kilda,-37.883156,144.97757
St Kilda,-37.864499,144.965712
St Kilda,-37.841742,144.975218
St Kilda,-37.872855,144.984064
St Kilda,-37.878729,144.982901
St Kilda,-37.859022,144.973947
St Kilda,-37.859641,144.985485
St Kilda,-37.8626,144.976906
St Kilda,-37.856278,144.973795
St Kilda,-37.886452,144.975851
St Kilda,-37.863045,144.976785
St Kilda,-37.873587,144.977071
St Kilda,-37.847215,144.975048
St Kilda,-37.867267,144.995265
St Kilda,-37.837112,144.976515
St Kilda,-37.866639,144.977963
St Kilda,-37.863914,145.001229
St Kilda,-37.863105,144.998734
St Kilda,-37.853664,144.982649
St Kilda,-37.88929,144.986018
St Kilda,-37.881715,145.007372
St Kilda,-37.866914,144.984695
St Kilda,-37.873935,144.984597
St Kilda,-37.845587,144.974544
St Kilda,-37.859347,144.978094
St Kilda,-37.848218,144.959416
St Kilda,-37.871452,145.007906
St Kilda,-37.87223,144.988786
St Kilda,-37.871824,144.970371
St Kilda,-37.872498,145.001633
St Kilda,-37.868226,144.98002
St Kilda,-37.852371,144.985198
St Kilda,-37.862157,144.985697
St Kilda,-37.839894,144.967805
St Kilda,-37.873481,144.950277
St Kilda,-37.877089,144.951421
St Kilda,-37.855415,144.982309
St Kilda,-37.874242,144.99181
St Kilda,-37.868293,144.994549
St Kilda,-37.868158,144.946854
St Kilda,-37.856469,144.975265
Docklands,-37.824934,144.941708
Docklands,-37.82753,144.977578
Docklands,-37.822994,144.94652
Docklands,-37.83903,144.950899
Docklands,-37.820456,144.94165
Docklands,-37.826081,144.95615
Docklands,-37.81636,144.95863
Docklands,-37.81002,144.932427
Docklands,-37.814057,144.934321
Docklands,-37.817209,144.946547
Docklands,-37.82223,144.955872
Docklands,-37.820277,144.971314
Docklands,-37.807352,144.974627
Docklands,-37.839529,144.933958
Docklands,-37.813758,144.948737
Docklands,-37.783369,144.956726
Docklands,-37.822133,144.948968
Docklands,-37.820626,144.961086
Docklands,-37.818582,144.960507
Docklands,-37.817381,144.958856
Docklands,-37.823342,144.950938
Docklands,-37.835755,144.932875
North Melbourne,-37.792336,144.968324
North Melbourne,-37.804109,144.93844
North Melbourne,-37.804924,144.955245
North Melbourne,-37.82476,144.923459
North Melbourne,-37.79861,144.940129
North Melbourne,-37.812888,144.957503
North Melbourne,-37.80593,144.986324
North Melbourne,-37.790593,144.939149
North Melbourne,-37.797076,144.973813
North Melbourne,-37.818881,144.947343
North Melbourne,-37.777411,144.922761
North Melbourne,-37.79823,144.940474
North Melbourne,-37.81801,144.942417
North Melbourne,-37.783555,144.988572
North Melbourne,-37.803219,144.977703
North Melbourne,-37.7949,144.950569
North Melbourne,-37.794886,144.950608
North Melbourne,-37.795656,144.952636
North Melbourne,-37.804516,144.918049
North Melbourne,-37.793525,144.924567
North Melbourne,-37.798644,144.941243
North Melbourne,-37.802796,144.952943
North Melbourne,-37.796612,144.958597
North Melbourne,-37.826471,144.957496
North Melbourne,-37.811193,144.967435
North Melbourne,-37.805544,144.939608
North Melbourne,-37.791919,144.952667
North Melbourne,-37.795583,144.966498
Brunswick,-37.776042,144.981135
Brunswick,-37.773427,144.957479
Brunswick,-37.761065,144.950484
Brunswick,-37.768245,144.96566
Brunswick,-37.775,144.962888
Brunswick,-37.768848,144.952335
Brunswick,-37.762995,144.975356
Brunswick,-37.745731,144.976765
Brunswick,-37.765971,144.957361
Brunswick,-37.767878,144.989217
Brunswick,-37.767334,144.944274
Brunswick,-37.774731,144.948083
Brunswick,-37.781968,144.94941
Brunswick,-37.770192,144.923551
Brunswick,-37.775286,144.961094
Brunswick,-37.764829,144.923393
Brunswick,-37.796202,144.954212
Brunswick,-37.768751,144.938
Brunswick,-37.764627,144.943007
Brunswick,-37.763984,144.966898
Brunswick,-37.757351,144.946798
Brunswick,-37.76483,144.971292
Brunswick,-37.764617,144.956719
Brunswick,-37.786425,144.949533
Brunswick,-37.769557,144.964532
Brunswick,-37.782435,144.976185
Brunswick,-37.757308,144.948528
Brunswick,-37.761838,144.966187
Brunswick,-37.778131,144.961371
Brunswick,-37.764326,144.968178
Brunswick,-37.766875,144.948904
Brunswick,-37.751069,144.933035
Brunswick,-37.778938,144.97994
Brunswick,-37.766575,144.973257
Brunswick,-37.766504,144.978866
Brunswick,-37.751537,144.977554
Brunswick,-37.770983,144.954944
Brunswick,-37.770632,144.972929
Brunswick,-37.744833,144.951366
Brunswick,-37.765351,144.981616
Brunswick,-37.768866,144.94451
Brunswick,-37.77344,144.989547
Brunswick,-37.740924,144.965027
Brunswick,-37.768649,144.941923
Brunswick,-37.769724,144.968198
Brunswick,-37.780043,144.973085
Brunswick,-37.775814,144.957964
Brunswick,-37.77385,144.968042
Brunswick,-37.754796,144.964619
Brunswick,-37.785273,144.964237
Northcote,-37.786236,145.007594
Northcote,-37.758663,144.993898
Northcote,-37.782545,144.990198
Northcote,-37.770919,144.999095
Northcote,-37.756367,145.008514
Northcote,-37.779802,144.991761
Northcote,-37.773135,145.004554
Northcote,-37.777587,144.980438
Northcote,-37.764792,145.004821
Northcote,-37.769632,145.010773
Northcote,-37.789793,144.989115
Northcote,-37.78938,144.988724
Northcote,-37.774271,145.012185
Northcote,-37.781162,144.974966
Northcote,-37.753552,144.987212
Northcote,-37.762859,145.016207
Northcote,-37.763376,145.003607
Northcote,-37.785475,145.006767
Northcote,-37.766794,145.013713
Northcote,-37.771699,145.005517
Northcote,-37.752633,144.981788
Northcote,-37.768544,144.991155
Northcote,-37.757139,144.969732
Northcote,-37.761799,145.003559
Northcote,-37.772104,145.008261
Northcote,-37.788092,144.99039
Northcote,-37.791894,144.983088
Northcote,-37.785463,144.984777
Northcote,-37.788766,145.006538
Northcote,-37.761569,145.011506
Northcote,-37.770192,145.01293
Northcote,-37.773455,145.002914
Northcote,-37.778287,144.99807
Northcote,-37.784716,144.996788
Northcote,-37.792967,145.009463
Northcote,-37.787628,144.994762
Northcote,-37.758077,144.992918
Northcote,-37.761937,144.9878
Northcote,-37.76149,145.000191
Northcote,-37.7698,145.01981
Northcote,-37.761772,145.01734
Northcote,-37.776718,145.018251
Thornbury,-37.743332,144.987355
Thornbury,-37.763219,144.980961
Thornbury,-37.770312,144.991766
Thornbury,-37.757641,144.984147
Thornbury,-37.775922,145.013844
Thornbury,-37.758038,144.996946
Thornbury,-37.762212,145.01062
Thornbury,-37.758751,145.006294
Thornbury,-37.771121,145.00174
Thornbury,-37.766487,144.988912
Thornbury,-37.753519,144.975958
Thornbury,-37.755393,144.997601
Thornbury,-37.743936,144.965235
Thornbury,-37.772553,144.997596
Thornbury,-37.749249,144.992063
Thornbury,-37.752285,144.984475
Thornbury,-37.746166,144.980181
Thornbury,-37.764902,145.000439
Thornbury,-37.762008,145.018836
Thornbury,-37.761725,145.00731
Thornbury,-37.759654,145.015333
Thornbury,-37.775028,144.987776
Thornbury,-37.742168,145.00311
Thornbury,-37.745415,145.008226
Thornbury,-37.754038,145.021334
Thornbury,-37.763921,145.000118
Thornbury,-37.771158,144.998992
Thornbury,-37.764067,144.969003
Thornbury,-37.726263,144.998718
Thornbury,-37.74427,145.00534
Thornbury,-37.775194,145.015544
Thornbury,-37.758675,145.031127
Thornbury,-37.753639,145.005043
Thornbury,-37.758517,145.012287
Thornbury,-37.753783,144.985801
Thornbury,-37.779565,144.987528
Preston,-37.732384,145.011636
Preston,-37.756481,144.984518
Preston,-37.733091,145.0065
Preston,-37.747826,144.996025
Preston,-37.722717,145.00377
Preston,-37.734331,145.014791
Preston,-37.750997,145.014895
Preston,-37.732319,144.981186
Preston,-37.748477,144.974738
Preston,-37.729959,144.98407
Preston,-37.729628,145.009753
Preston,-37.730724,145.028597
Preston,-37.742307,144.975856
Preston,-37.755653,144.997884
Preston,-37.757118,145.031962
Preston,-37.738838,144.996693
Preston,-37.728517,145.011897
Preston,-37.747356,145.019281
Preston,-37.753672,144.991824
Preston,-37.732794,145.012514
Preston,-37.733017,144.992852
Preston,-37.740354,145.008439
Preston,-37.72615,144.997225
Preston,-37.750566,145.017271
Preston,-37.734524,144.991815
Preston,-37.738791,145.028516
Preston,-37.75581,144.993114
Preston,-37.737362,145.021052
Preston,-37.753174,144.999004
Preston,-37.730174,145.001938
Coburg,-37.756185,144.949819
Coburg,-37.743196,144.967486
Coburg,-37.737151,144.954707
Coburg,-37.752942,144.967256
Coburg,-37.761773,144.951266
Coburg,-37.754705,144.974442
Coburg,-37.739727,144.982553
Coburg,-37.752613,144.987675
Coburg,-37.744664,144.963556
Coburg,-37.754264,144.957052
Coburg,-37.7452,144.974668
Coburg,-37.746751,144.969914
Coburg,-37.742308,144.967395
Coburg,-37.757665,144.993086
Coburg,-37.757332,144.987549
Coburg,-37.737106,144.984677
Coburg,-37.737117,144.961148
Coburg,-37.761665,144.952295
Coburg,-37.742032,144.964071
Coburg,-37.753428,144.96868
Coburg,-37.755258,144.976934
Coburg,-37.743409,144.953299
Coburg,-37.739811,144.954306
Coburg,-37.7575,144.93777
Coburg,-37.722072,144.985914
Coburg,-37.740035,144.964066
Coburg,-37.757686,144.951575
Coburg,-37.729653,144.953433
Hawthorn,-37.817821,145.050355
Hawthorn,-37.802186,145.028548
Hawthorn,-37.826004,145.02335
Hawthorn,-37.838774,145.040816
Hawthorn,-37.815401,145.044346
Hawthorn,-37.835173,145.038525
Hawthorn,-37.822664,145.022919
Hawthorn,-37.852911,145.036026
Hawthorn,-37.835659,145.023573
Hawthorn,-37.826199,145.011859
Hawthorn,-37.835001,145.029602
Hawthorn,-37.848024,145.018396
Hawthorn,-37.839423,145.044459
Hawthorn,-37.825314,145.051421
Hawthorn,-37.827195,145.045667
Hawthorn,-37.821844,145.042527
Hawthorn,-37.820841,145.036634
Hawthorn,-37.806737,145.028115
Hawthorn,-37.819452,145.048737
Hawthorn,-37.820654,145.027832
Hawthorn,-37.82158,145.0398
Hawthorn,-37.83695,145.037818
Hawthorn,-37.809441,145.04011
Hawthorn,-37.839767,145.023019
Hawthorn,-37.826489,145.031626
Hawthorn,-37.810969,145.04003
Hawthorn,-37.822813,145.046258
Hawthorn,-37.831338,145.013377
Hawthorn,-37.835006,145.057379
Hawthorn,-37.81956,145.038997
Hawthorn,-37.812199,145.060708
Hawthorn,-37.840548,145.02695
Hawthorn,-37.808753,145.034659
Hawthorn,-37.814813,145.020868
Hawthorn,-37.826572,145.021122
Hawthorn,-37.830407,145.059864
Hawthorn,-37.823743,145.030723
Hawthorn,-37.82714,145.040034
Hawthorn,-37.820076,145.046868
Hawthorn,-37.831206,145.064613
Kew,-37.797089,145.018073
Kew,-37.815309,145.043658
Kew,-37.806171,145.02695
Kew,-37.814388,145.034659
Kew,-37.820462,145.019636
Kew,-37.815271,145.028575
Kew,-37.814688,145.038282
Kew,-37.797578,145.024842
Kew,-37.802965,145.034701
Kew,-37.820398,145.033165
Kew,-37.831312,145.009985
Kew,-37.82471,145.038437
Kew,-37.81159,145.059427
Kew,-37.841186,145.009308
Kew,-37.836771,145.032394
Kew,-37.797534,145.057926
Kew,-37.815827,145.029311
Kew,-37.818477,145.023934
Kew,-37.805519,145.031004
Kew,-37.79738,145.031633
Kew,-37.802505,145.01383
Kew,-37.813361,145.024803
Kew,-37.818685,145.019528
Kew,-37.800676,145.042157
Kew,-37.800779,145.012627
Kew,-37.809887,145.030443
Kew,-37.812846,145.083553
Kew,-37.802905,145.033686
Kew,-37.813558,145.034153
Kew,-37.804966,145.061272
Camberwell,-37.836144,145.042541
Camberwell,-37.82536,145.029792
Camberwell,-37.818312,145.066613
Camberwell,-37.814205,145.06038
Camberwell,-37.830463,145.047123
Camberwell,-37.858183,145.028016
Camberwell,-37.840086,145.065284
Camberwell,-37.837689,145.05442
Camberwell,-37.81585,145.068282
Camberwell,-37.818272,145.036589
Camberwell,-37.806641,145.037603
Camberwell,-37.817957,145.047392
Camberwell,-37.813922,145.057704
Camberwell,-37.828355,145.066775
Camberwell,-37.824804,145.081204
Camberwell,-37.824191,145.054154
Camberwell,-37.81774,145.027001
Camberwell,-37.830609,145.056694
Camberwell,-37.835241,145.056662
Camberwell,-37.826397,145.057827
Camberwell,-37.813747,145.062522
Camberwell,-37.829583,145.082894
Camberwell,-37.819151,145.062337
Camberwell,-37.835379,145.040204
Camberwell,-37.807807,145.051902
Camberwell,-37.821869,145.07004
Camberwell,-37.82567,145.041934
Camberwell,-37.809709,145.06062
Camberwell,-37.841115,145.070578
Camberwell,-37.80987,145.06208
Camberwell,-37.812146,145.050024
Camberwell,-37.831125,145.064727
Toorak,-37.833442,145.028444
Toorak,-37.855333,145.026803
Toorak,-37.832812,145.024562
Toorak,-37.838954,145.011125
Toorak,-37.83882,145.044239
Toorak,-37.84113,145.031364
Toorak,-37.86299,144.996122
Toorak,-37.831595,145.00867
Toorak,-37.856624,145.016475
Toorak,-37.848575,145.037989
Toorak,-37.825086,145.022322
Toorak,-37.831742,145.019695
Toorak,-37.850386,145.039457
Toorak,-37.838668,145.031196
Toorak,-37.845889,145.018308
Toorak,-37.846535,145.009624
Toorak,-37.816273,145.037765
Toorak,-37.829598,145.009654
Toorak,-37.841499,145.032299
Toorak,-37.863248,145.016741
Toorak,-37.841474,145.025212
Toorak,-37.821864,145.000763
Toorak,-37.837324,144.995714
Toorak,-37.86288,145.018646
Toorak,-37.824658,144.99657
Toorak,-37.834685,145.023118
Toorak,-37.84334,145.037641
Toorak,-37.819939,145.020624
Armadale,-37.848755,145.009449
Armadale,-37.854461,145.043496
Armadale,-37.86275,145.019447
Armadale,-37.860661,145.018527
Armadale,-37.858337,144.999603
Armadale,-37.880424,145.029026
Armadale,-37.850444,145.008892
Armadale,-37.864168,145.028425
Armadale,-37.848714,145.021594
Armadale,-37.863847,145.038316
Armadale,-37.863241,145.020426
Armadale,-37.864357,144.990883
Armadale,-37.865962,145.022215
Armadale,-37.857346,145.034604
Armadale,-37.852024,145.020935
Armadale,-37.858195,145.010052
Armadale,-37.859921,144.998086
Armadale,-37.854448,145.00379
Armadale,-37.851192,145.01475
Armadale,-37.842145,145.02502
Armadale,-37.854778,145.02118
Armadale,-37.88001,145.020705
Armadale,-37.865689,145.024976
Armadale,-37.846318,144.990208
Armadale,-37.848248,145.03779
Armadale,-37.86025,145.006911
Malvern,-37.837462,145.040733
Malvern,-37.854008,145.044184
Malvern,-37.87531,145.036705
Malvern,-37.874322,145.018446
Malvern,-37.840195,145.02347
Malvern,-37.822626,145.033335
Malvern,-37.86595,145.038417
Malvern,-37.864581,145.055633
Malvern,-37.859479,145.032016
Malvern,-37.864437,145.033244
Malvern,-37.858813,145.030183
Malvern,-37.848615,144.99968
Malvern,-37.865856,145.019053
Malvern,-37.851731,145.0362
Malvern,-37.859938,145.02514
Malvern,-37.88035,145.041079
Malvern,-37.834426,145.02632
Malvern,-37.867771,145.025825
Malvern,-37.87583,145.0334
Malvern,-37.840933,145.055015
Malvern,-37.85722,145.016254
Malvern,-37.85139,145.020748
Malvern,-37.849017,145.036966
Malvern,-37.859656,145.033293
Malvern,-37.843476,145.003146
Malvern,-37.847512,145.028935
Malvern,-37.86638,145.017832
Malvern,-37.872616,145.035345
Malvern,-37.855914,145.01913
Malvern,-37.880517,145.021274
Port Melbourne,-37.843251,144.895583
Port Melbourne,-37.823464,144.933069
Port Melbourne,-37.829307,144.938347
Port Melbourne,-37.848371,144.931074
Port Melbourne,-37.859884,144.909599
Port Melbourne,-37.843457,144.91486
Port Melbourne,-37.810579,144.938663
Port Melbourne,-37.840078,144.94585
Port Melbourne,-37.824747,144.948761
Port Melbourne,-37.830266,144.950538
Port Melbourne,-37.83064,144.910168
Port Melbourne,-37.835771,144.956007
Port Melbourne,-37.831178,144.927723
Port Melbourne,-37.826898,144.905372
Port Melbourne,-37.829303,144.912321
Port Melbourne,-37.827155,144.939868
Port Melbourne,-37.840779,144.909174
Port Melbourne,-37.831571,144.930927
Port Melbourne,-37.818301,144.945739
Port Melbourne,-37.829037,144.929954
Port Melbourne,-37.830852,144.931581
Port Melbourne,-37.816762,144.94474
Port Melbourne,-37.812107,144.926077
Port Melbourne,-37.831982,144.942079
Port Melbourne,-37.819642,144.95379
Port Melbourne,-37.836428,144.938874
Port Melbourne,-37.825654,144.94908
Port Melbourne,-37.854659,144.900696
Port Melbourne,-37.825663,144.916183
Port Melbourne,-37.835456,144.926165
South Melbourne,-37.831591,144.946299
South Melbourne,-37.827565,144.936308
South Melbourne,-37.818344,144.937725
South Melbourne,-37.841193,144.965651
South Melbourne,-37.835764,144.943938
South Melbourne,-37.804064,144.953843
South Melbourne,-37.815109,144.967487
South Melbourne,-37.827651,144.968787
South Melbourne,-37.840084,144.941325
South Melbourne,-37.838868,144.971029
South Melbourne,-37.834646,144.951679
South Melbourne,-37.8309,144.973577
South Melbourne,-37.849045,144.941126
South Melbourne,-37.831352,144.986307
South Melbourne,-37.838429,144.949029
South Melbourne,-37.825893,144.980046
South Melbourne,-37.84807,144.955561
South Melbourne,-37.841017,144.967567
South Melbourne,-37.836013,144.996383
South Melbourne,-37.851268,144.946752
South Melbourne,-37.834275,144.962978
South Melbourne,-37.82749,144.945226
South Melbourne,-37.843819,144.943249
South Melbourne,-37.846145,144.953907
South Melbourne,-37.832453,144.95261
South Melbourne,-37.827907,144.960437
South Melbourne,-37.851141,144.945754
South Melbourne,-37.84318,144.952291
Albert Park,-37.825838,144.941045
Albert Park,-37.818627,144.951038
Albert Park,-37.832478,144.942943
Albert Park,-37.837514,144.957013
Albert Park,-37.831233,144.981383
Albert Park,-37.830912,144.954278
Albert Park,-37.861002,144.954061
Albert Park,-37.849827,144.945339
Albert Park,-37.839516,144.965958
Albert Park,-37.850365,144.962372
Albert Park,-37.829931,144.967291
Albert Park,-37.833462,144.955057
Albert Park,-37.840873,144.942432
Albert Park,-37.859487,144.967199
Albert Park,-37.838963,144.9599
Albert Park,-37.853752,144.955429
Albert Park,-37.861822,144.946683
Albert Park,-37.849255,144.969766
Albert Park,-37.846477,144.962512
Albert Park,-37.849787,144.951912
Albert Park,-37.839474,144.968558
Albert Park,-37.867031,144.94589
Albert Park,-37.837022,144.950776
Albert Park,-37.857787,144.992752
Elwood,-37.877129,144.978984
Elwood,-37.874247,144.995446
Elwood,-37.879768,144.970828
Elwood,-37.88316,144.985816
Elwood,-37.885068,144.989456
Elwood,-37.883919,144.987569
Elwood,-37.87682,145.000129
Elwood,-37.900583,145.007655
Elwood,-37.890625,144.985086
Elwood,-37.878083,144.997956
Elwood,-37.879919,144.976653
Elwood,-37.870177,144.978204
Elwood,-37.87432,144.99902
Elwood,-37.885596,145.021533
Elwood,-37.88793,145.013416
Elwood,-37.90486,144.979642
Elwood,-37.870512,144.981521
Elwood,-37.875536,144.981484
Elwood,-37.870794,145.004126
Elwood,-37.888351,144.982085
Elwood,-37.891743,144.984286
Elwood,-37.891825,145.019044
Balaclava,-37.843167,144.987948
Balaclava,-37.857866,145.001243
Balaclava,-37.861917,144.974359
Balaclava,-37.872293,144.994571
Balaclava,-37.853597,144.987885
Balaclava,-37.866625,144.995911
Balaclava,-37.846745,144.980698
Balaclava,-37.850755,145.013442
Balaclava,-37.84938,144.986952
Balaclava,-37.867727,144.975248
Balaclava,-37.854353,144.961273
Balaclava,-37.854023,144.994185
Balaclava,-37.856451,144.996353
Balaclava,-37.849994,145.004913
Balaclava,-37.841966,145.017156
Balaclava,-37.86743,145.010939
Balaclava,-37.847478,144.997895
Balaclava,-37.876721,145.025058
Balaclava,-37.872024,144.974867
Balaclava,-37.857523,144.999296
Windsor,-37.851023,144.97299
Windsor,-37.854673,144.984852
Windsor,-37.863514,144.97343
Windsor,-37.850708,144.969852
Windsor,-37.854173,145.002986
Windsor,-37.882241,144.986044
Windsor,-37.863442,144.987517
Windsor,-37.851563,144.989451
Windsor,-37.862267,144.968202
Windsor,-37.846077,144.992975
Windsor,-37.843963,144.967128
Windsor,-37.848817,144.977039
Windsor,-37.847767,145.018754
Windsor,-37.887131,145.004481
Windsor,-37.849779,144.993626
Windsor,-37.876494,145.000286
Windsor,-37.864285,144.988156
Windsor,-37.865231,144.991956
Windsor,-37.843699,144.986363
Windsor,-37.855498,145.010822
Windsor,-37.877226,145.001035
Windsor,-37.831081,145.002484
Windsor,-37.857624,145.00537
Windsor,-37.852222,144.985727
Elsternwick,-37.897531,145.003707
Elsternwick,-37.888195,144.997853
Elsternwick,-37.885454,144.982446
Elsternwick,-37.883635,144.994805
Elsternwick,-37.863735,144.996279
Elsternwick,-37.897156,144.996332
Elsternwick,-37.887379,145.011918
Elsternwick,-37.901822,145.003533
Elsternwick,-37.880888,145.001534
Elsternwick,-37.872309,144.97602
Elsternwick,-37.867385,145.008956
Elsternwick,-37.890348,145.009698
Elsternwick,-37.885968,144.982899
Elsternwick,-37.891472,145.048259
Elsternwick,-37.886024,144.991635
Elsternwick,-37.883741,144.996337
Elsternwick,-37.888195,145.005471
Elsternwick,-37.866723,145.008885
Elsternwick,-37.878145,144.992151
Elsternwick,-37.881777,144.985204
Elsternwick,-37.885362,144.995764
Elsternwick,-37.896943,145.013419
Caulfield,-37.869045,145.028338
Caulfield,-37.879571,144.996001
Caulfield,-37.88207,145.000857
Caulfield,-37.892812,145.039715
Caulfield,-37.88312,145.032423
Caulfield,-37.871534,145.038386
Caulfield,-37.88283,145.032935
Caulfield,-37.880841,144.99321
Caulfield,-37.878169,145.030489
Caulfield,-37.868944,145.021097
Caulfield,-37.880641,145.016504
Caulfield,-37.910983,145.040077
Caulfield,-37.886504,145.0015
Caulfield,-37.878802,144.999326
Caulfield,-37.891215,144.998887
Caulfield,-37.874856,145.018118
Caulfield,-37.880228,145.030897
Caulfield,-37.876073,145.026627
Caulfield,-37.865978,145.032517
Caulfield,-37.863198,145.02085
Caulfield,-37.852869,145.028722
Caulfield,-37.890041,145.014551
Caulfield,-37.877204,145.022582
Caulfield,-37.865477,145.027455
Caulfield,-37.874409,145.021083
Caulfield,-37.878787,145.024394
Footscray,-37.802937,144.891817
Footscray,-37.799357,144.906349
Footscray,-37.78858,144.900596
Footscray,-37.804191,144.894084
Footscray,-37.774331,144.893393
Footscray,-37.789925,144.891237
Footscray,-37.807185,144.919681
Footscray,-37.79358,144.924408
Footscray,-37.793814,144.894876
Footscray,-37.818309,144.903499
Footscray,-37.802075,144.895781
Footscray,-37.790239,144.903064
Footscray,-37.785668,144.933477
Footscray,-37.831447,144.88214
Footscray,-37.800679,144.914416
Footscray,-37.78937,144.884018
Footscray,-37.807736,144.896418
Footscray,-37.773286,144.930983
Footscray,-37.798321,144.922058
Footscray,-37.806038,144.886298
Footscray,-37.813454,144.874481
Footscray,-37.782263,144.910836
Footscray,-37.807617,144.892976
Footscray,-37.819472,144.907374
Footscray,-37.772928,144.895371
Footscray,-37.802079,144.911422
Footscray,-37.783091,144.902536
Footscray,-37.820332,144.896495
Footscray,-37.79916,144.89188
Footscray,-37.812385,144.904528
Footscray,-37.805166,144.91803
Footscray,-37.79167,144.921943
Footscray,-37.768522,144.912725
Footscray,-37.810475,144.880915
Yarraville,-37.811872,144.869098
Yarraville,-37.831303,144.883348
Yarraville,-37.792426,144.867477
Yarraville,-37.82621,144.888972
Yarraville,-37.805252,144.90672
Yarraville,-37.824125,144.889186
Yarraville,-37.809057,144.904614
Yarraville,-37.819149,144.885587
Yarraville,-37.81249,144.897706
Yarraville,-37.845107,144.859033
Yarraville,-37.826746,144.890948
Yarraville,-37.808872,144.884029
Yarraville,-37.803658,144.881996
Yarraville,-37.845778,144.871811
Yarraville,-37.817858,144.877355
Yarraville,-37.800077,144.876903
Yarraville,-37.79127,144.863628
Yarraville,-37.836241,144.877427
Yarraville,-37.814224,144.877561
Yarraville,-37.804247,144.890041
Yarraville,-37.810153,144.878647
Yarraville,-37.80512,144.875829
Yarraville,-37.821175,144.863148
Yarraville,-37.824679,144.904602
Yarraville,-37.825984,144.882098
Yarraville,-37.802133,144.864801
Williamstown,-37.855077,144.886526
Williamstown,-37.848924,144.902964
Williamstown,-37.865651,144.880747
Williamstown,-37.84286,144.918049
Williamstown,-37.850866,144.865685
Williamstown,-37.863953,144.894783
Williamstown,-37.845321,144.900472
Williamstown,-37.8795,144.917342
Williamstown,-37.844821,144.904541
Williamstown,-37.88635,144.910489
Williamstown,-37.866258,144.887077
Williamstown,-37.842575,144.896207
Williamstown,-37.825637,144.881064
Williamstown,-37.858417,144.89505
Williamstown,-37.875981,144.910039
Williamstown,-37.859608,144.902854
Williamstown,-37.830941,144.872649
Williamstown,-37.858587,144.899387
Williamstown,-37.852701,144.882475
Williamstown,-37.854319,144.869337
Moonee Ponds,-37.763835,144.913624
Moonee Ponds,-37.75181,144.909074
Moonee Ponds,-37.777933,144.918094
Moonee Ponds,-37.75979,144.899069
Moonee Ponds,-37.753544,144.91476
Moonee Ponds,-37.781499,144.920164
Moonee Ponds,-37.782897,144.914971
Moonee Ponds,-37.762299,144.913505
Moonee Ponds,-37.790189,144.917057
Moonee Ponds,-37.758772,144.914835
Moonee Ponds,-37.744432,144.948089
Moonee Ponds,-37.774503,144.920103
Moonee Ponds,-37.789841,144.921694
Moonee Ponds,-37.775797,144.90757
Moonee Ponds,-37.75584,144.925844
Moonee Ponds,-37.764402,144.928641
Moonee Ponds,-37.753921,144.901376
Moonee Ponds,-37.762934,144.911699
Moonee Ponds,-37.764357,144.909226
Moonee Ponds,-37.787577,144.916722
Moonee Ponds,-37.7743,144.931107
Moonee Ponds,-37.764334,144.89706
Moonee Ponds,-37.774988,144.931758
Moonee Ponds,-37.757996,144.919856
Essendon,-37.746709,144.908532
Essendon,-37.755673,144.928661
Essendon,-37.732829,144.91184
Essendon,-37.764005,144.933704
Essendon,-37.740512,144.92474
Essendon,-37.760984,144.927561
Essendon,-37.73741,144.905337
Essendon,-37.760322,144.915265
Essendon,-37.75524,144.914801
Essendon,-37.745294,144.928334
Essendon,-37.74919,144.902161
Essendon,-37.769043,144.934211
Essendon,-37.764165,144.927521
Essendon,-37.761964,144.933202
Essendon,-37.760791,144.921703
Essendon,-37.759686,144.890558
Essendon,-37.715982,144.921145
Essendon,-37.735729,144.887776
Essendon,-37.758288,144.925965
Essendon,-37.77876,144.919419
Essendon,-37.745193,144.947141
Essendon,-37.750154,144.902377
Box Hill,-37.835967,145.089728
Box Hill,-37.841449,145.108771
Box Hill,-37.805034,145.110293
Box Hill,-37.844447,145.108693
Box Hill,-37.814544,145.143139
Box Hill,-37.839267,145.131511
Box Hill,-37.817499,145.132244
Box Hill,-37.824677,145.124894
Box Hill,-37.815424,145.120712
Box Hill,-37.826943,145.103509
Box Hill,-37.849707,145.139327
Box Hill,-37.804848,145.115071
Box Hill,-37.826858,145.129947
Box Hill,-37.822576,145.148076
Box Hill,-37.808539,145.103804
Box Hill,-37.83017,145.141532
Box Hill,-37.827394,145.119327
Box Hill,-37.824068,145.146788
Box Hill,-37.836764,145.135031
Box Hill,-37.84021,145.099882
Box Hill,-37.833883,145.114832
Box Hill,-37.835038,145.106677
Box Hill,-37.810853,145.155205
Box Hill,-37.831875,145.111924
Box Hill,-37.819193,145.133858
Box Hill,-37.821156,145.119575
Glen Waverley,-37.889667,145.168097
Glen Waverley,-37.865538,145.164689
Glen Waverley,-37.865245,145.163946
Glen Waverley,-37.869746,145.181959
Glen Waverley,-37.876308,145.177921
Glen Waverley,-37.886027,145.145747
Glen Waverley,-37.884334,145.156984
Glen Waverley,-37.873695,145.172421
Glen Waverley,-37.853545,145.187716
Glen Waverley,-37.883543,145.177043
Glen Waverley,-37.863132,145.188177
Glen Waverley,-37.865035,145.178768
Glen Waverley,-37.863338,145.183286
Glen Waverley,-37.860455,145.160058
Glen Waverley,-37.870523,145.173913
Glen Waverley,-37.868055,145.160907
Glen Waverley,-37.8627,145.176608
Glen Waverley,-37.877561,145.199134
Glen Waverley,-37.890571,145.134641
Glen Waverley,-37.905705,145.176709
Oakleigh,-37.903054,145.10017
Oakleigh,-37.927261,145.086928
Oakleigh,-37.892094,145.082175
Oakleigh,-37.894308,145.084649
Oakleigh,-37.908114,145.103898
Oakleigh,-37.877801,145.091939
Oakleigh,-37.897084,145.064463
Oakleigh,-37.895012,145.0643
Oakleigh,-37.928341,145.073523
Oakleigh,-37.895261,145.078501
Oakleigh,-37.902477,145.094328
Oakleigh,-37.89596,145.08337
Oakleigh,-37.888715,145.103846
Oakleigh,-37.908998,145.075713
Oakleigh,-37.904042,145.0964
Oakleigh,-37.892062,145.106011
Oakleigh,-37.9107,145.080929
Oakleigh,-37.888479,145.099844
Clayton,-37.933259,145.109308
Clayton,-37.907994,145.10764
Clayton,-37.931107,145.133098
Clayton,-37.922522,145.105978
Clayton,-37.911032,145.099672
Clayton,-37.919257,145.114868
Clayton,-37.927152,145.109244
Clayton,-37.923091,145.117657
Clayton,-37.932519,145.128487
Clayton,-37.928843,145.113406
Clayton,-37.917018,145.120695
Clayton,-37.921982,145.093161
Clayton,-37.915078,145.105704
Clayton,-37.934781,145.142468
Clayton,-37.935177,145.131114
Clayton,-37.937146,145.096662
Sunshine,-37.771352,144.81585
Sunshine,-37.800329,144.83066
Sunshine,-37.794961,144.837144
Sunshine,-37.786106,144.826889
Sunshine,-37.791491,144.830676
Sunshine,-37.776799,144.827136
Sunshine,-37.795432,144.854198
Sunshine,-37.79163,144.836263
Sunshine,-37.787828,144.843651
Sunshine,-37.757927,144.840492
Sunshine,-37.781281,144.803977
Sunshine,-37.780161,144.821694
Sunshine,-37.79679,144.836568
Sunshine,-37.783019,144.820048
Sunshine,-37.789935,144.849193
Sunshine,-37.786338,144.823394
Ringwood,-37.802943,145.225735
Ringwood,-37.836169,145.224383
Ringwood,-37.800567,145.239973
Ringwood,-37.825116,145.233477
Ringwood,-37.815539,145.237821
Ringwood,-37.825843,145.208846
Ringwood,-37.81272,145.250325
Ringwood,-37.817507,145.229913
Ringwood,-37.817805,145.230128
Ringwood,-37.81236,145.237798
Ringwood,-37.829786,145.244305
Ringwood,-37.834961,145.239316
Ringwood,-37.795085,145.210741
Ringwood,-37.809734,145.212596
Eltham,-37.730981,145.161569
Eltham,-37.695075,145.153042
Eltham,-37.712057,145.143333
Eltham,-37.691617,145.176414
Eltham,-37.732964,145.135207
Eltham,-37.725886,145.172753
Eltham,-37.702829,145.150819
Eltham,-37.707934,145.178083
Eltham,-37.734992,145.134367
Eltham,-37.704572,145.150378
Eltham,-37.713808,145.152682
Eltham,-37.706494,145.156435
Doncaster,-37.789405,145.142981
Doncaster,-37.789587,145.132035
Doncaster,-37.795809,145.110829
Doncaster,-37.783061,145.125599
Doncaster,-37.788991,145.123259
Doncaster,-37.792938,145.112441
Doncaster,-37.78702,145.133043
Doncaster,-37.77602,145.13393
Doncaster,-37.792063,145.121536
Doncaster,-37.797689,145.12102
Doncaster,-37.784286,145.116315
Doncaster,-37.801535,145.116791
Doncaster,-37.802564,145.117187
Doncaster,-37.788282,145.124363
Frankston,-38.146681,145.13013
Frankston,-38.131805,145.130061
Frankston,-38.152236,145.115961
Frankston,-38.141415,145.101131
Frankston,-38.132155,145.138975
Frankston,-38.15843,145.118525
Frankston,-38.147672,145.142637
Frankston,-38.132972,145.132
Frankston,-38.150942,145.120288
Frankston,-38.135375,145.1439
Dandenong,-37.993029,145.198442
Dandenong,-37.996914,145.229125
Dandenong,-37.981728,145.223614
Dandenong,-37.976941,145.224434
Dandenong,-38.0006,145.224493
Dandenong,-37.992461,145.202779
Dandenong,-37.969533,145.223597
Dandenong,-37.992618,145.179727
Dandenong,-37.974828,145.212316
Dandenong,-38.013343,145.216455
Dandenong,-37.985002,145.22253
Dandenong,-38.003138,145.215783
Springvale,-37.948592,145.157305
Springvale,-37.951077,145.178435
Springvale,-37.945227,145.143421
Springvale,-37.961654,145.160156
Springvale,-37.95366,145.13079
Springvale,-37.936432,145.160204
Springvale,-37.946763,145.162456
Springvale,-37.929525,145.142221
Springvale,-37.945983,145.152269
Springvale,-37.954801,145.157439
Werribee,-37.900897,144.645597
Werribee,-37.889682,144.641342
Werribee,-37.890411,144.656772
Werribee,-37.907748,144.665894
Werribee,-37.909953,144.64874
Werribee,-37.894694,144.656971
Werribee,-37.892344,144.655577
Werribee,-37.900193,144.652255
Craigieburn,-37.61386,144.935884
Craigieburn,-37.602824,144.910823
Craigieburn,-37.600518,144.974164
Craigieburn,-37.604983,144.949067
Craigieburn,-37.598028,144.930175
Craigieburn,-37.608377,144.931514
Epping,-37.652961,145.021811
Epping,-37.645496,145.038394
Epping,-37.629647,145.000939
Epping,-37.659974,145.052615
Epping,-37.653493,145.026764
Epping,-37.649836,145.039956
Epping,-37.650543,145.016084
Epping,-37.633321,145.033975
Pakenham,-38.084252,145.494129
Pakenham,-38.080042,145.499237
Pakenham,-38.080966,145.492569
Pakenham,-38.087661,145.489255
Pakenham,-38.067251,145.502181
Pakenham,-38.06483,145.471991
Berwick,-38.038178,145.34986
Berwick,-38.048625,145.35902
Berwick,-38.05793,145.374612
Berwick,-38.03053,145.341498
Berwick,-38.039097,145.3381
Berwick,-38.007818,145.350316
Mordialloc,-38.016156,145.086727
Mordialloc,-37.9818,145.100545
Mordialloc,-38.015214,145.090606
Mordialloc,-38.011001,145.082457
Mordialloc,-38.003203,145.114288
Mordialloc,-37.981533,145.078943
Mordialloc,-37.98345,145.074753
Mordialloc,-37.984213,145.099038
Cheltenham,-37.959455,145.04281
Cheltenham,-37.956024,145.073658
Cheltenham,-37.966381,145.061368
Cheltenham,-37.980309,145.064369
Cheltenham,-37.957063,145.058336
Cheltenham,-37.943577,145.05654
Cheltenham,-37.945597,145.078866
Cheltenham,-37.944451,145.047616
Cheltenham,-37.943041,145.044284
Cheltenham,-37.942009,145.050753
